data,geracao_kwh,energia_carregada_kwh,energia_descarregada_kwh,exportacao_rede_kwh,importacao_rede_kwh,consumo_kwh,autoconsumo_kwh,taxa_autoconsumo_pct,taxa_contribuicao_pct,receita_exportacao_brl,custo_importacao_brl,receita_geracao_brl,geracao_gerador_kwh
2025-09-01,0.0,3.6,3.0,1.13,8.41,11.78,3.37,74.89,28.61,1.13,8.41,0.0,0.0
2025-09-02,0.1,0.0,0.1,8.77,5.98,5.98,0.0,0.0,0.0,8.77,5.98,0.1,0.0
2025-09-03,0.0,0.0,0.1,12.53,1.16,1.16,0.0,0.0,0.0,12.53,1.16,0.0,0.0
2025-09-04,0.0,0.1,0.1,11.16,1.22,1.22,0.0,0.0,0.0,11.16,1.22,0.0,0.0
2025-09-05,0.0,0.0,0.1,11.43,1.09,1.09,0.0,0.0,0.0,11.43,1.09,0.0,0.0
2025-09-06,0.1,0.1,0.0,3.43,1.29,1.29,0.0,0.0,0.0,3.43,1.29,0.1,0.0
2025-09-07,0.0,0.0,0.0,4.47,1.09,1.09,0.0,0.0,0.0,4.47,1.09,0.0,0.0
2025-09-08,0.0,0.0,0.0,10.13,1.15,1.15,0.0,0.0,0.0,10.13,1.15,0.0,0.0
2025-09-09,0.1,0.0,0.0,7.16,1.82,1.82,0.0,0.0,0.0,7.16,1.82,0.1,0.0
2025-09-10,0.0,0.2,0.1,12.98,1.29,1.29,0.0,0.0,0.0,12.98,1.29,0.0,0.0
2025-09-11,0.0,0.0,0.1,13.69,1.02,1.02,0.0,0.0,0.0,13.69,1.02,0.0,0.0
2025-09-12,0.0,0.1,0.2,2.46,3.07,3.07,0.0,0.0,0.0,2.46,3.07,0.0,0.0
2025-09-13,0.0,0.0,0.0,6.64,1.37,1.37,0.0,0.0,0.0,6.64,1.37,0.0,0.0
2025-09-14,0.0,0.0,0.0,11.87,1.22,1.22,0.0,0.0,0.0,11.87,1.22,0.0,0.0
2025-09-15,0.0,0.0,0.1,6.98,3.3,3.3,0.0,0.0,0.0,6.98,3.3,0.0,0.0
2025-09-16,0.0,0.1,0.0,1.19,9.68,9.68,0.0,0.0,0.0,1.19,9.68,0.0,0.0
2025-09-17,0.0,0.0,0.0,5.07,4.9,4.9,0.0,0.0,0.0,5.07,4.9,0.0,0.0
2025-09-18,0.0,0.1,0.1,11.26,1.62,1.62,0.0,0.0,0.0,11.26,1.62,0.0,0.0
2025-09-19,0.0,0.0,0.0,11.37,1.98,1.98,0.0,0.0,0.0,11.37,1.98,0.0,0.0
2025-09-20,0.0,0.0,0.1,11.54,1.82,1.82,0.0,0.0,0.0,11.54,1.82,0.0,0.0
2025-09-21,0.0,0.1,0.0,11.22,1.94,1.94,0.0,0.0,0.0,11.22,1.94,0.0,0.0
2025-09-22,0.0,0.1,0.2,0.44,6.92,6.92,0.0,0.0,0.0,0.44,6.92,0.0,0.0
2025-09-23,0.0,0.0,0.1,3.02,5.52,5.52,0.0,0.0,0.0,3.02,5.52,0.0,0.0
2025-09-24,0.0,0.0,0.0,1.45,2.7,2.7,0.0,0.0,0.0,1.45,2.7,0.0,0.0
2025-09-25,0.0,0.1,0.0,2.39,2.45,2.45,0.0,0.0,0.0,2.39,2.45,0.0,0.0
2025-09-26,0.0,0.0,0.0,8.09,1.66,1.66,0.0,0.0,0.0,8.09,1.66,0.0,0.0
2025-09-27,0.1,0.0,0.1,14.01,1.44,1.44,0.0,0.0,0.0,14.01,1.44,0.1,0.0
2025-09-28,0.0,0.1,0.0,10.37,1.49,1.49,0.0,0.0,0.0,10.37,1.49,0.0,0.0
2025-09-29,0.0,0.1,0.1,12.86,2.25,2.25,0.0,0.0,0.0,12.86,2.25,0.0,0.0
2025-09-30,0.0,0.0,0.0,12.27,4.8,4.8,0.0,0.0,0.0,12.27,4.8,0.0,0.0
2025-10-01,0.0,0.0,0.0,8.23,4.0,4.0,0.0,0.0,0.0,8.23,4.0,0.0,0.0
2025-10-02,0.0,0.1,0.1,2.61,4.26,4.26,0.0,0.0,0.0,2.61,4.26,0.0,0.0
2025-10-03,2.2,0.1,0.2,6.36,2.74,2.74,0.0,0.0,0.0,6.36,2.74,2.2,0.0
2025-10-04,0.0,0.1,0.0,2.77,1.71,1.71,0.0,0.0,0.0,2.77,1.71,0.0,0.0
2025-10-05,0.0,0.0,0.0,13.54,1.37,1.37,0.0,0.0,0.0,13.54,1.37,0.0,0.0
2025-10-06,0.0,0.0,0.0,7.48,3.12,3.12,0.0,0.0,0.0,7.48,3.12,0.0,0.0
2025-10-07,0.0,0.0,1.5,0.02,7.19,8.27,1.08,98.18,13.06,0.02,7.19,0.0,0.0
2025-10-08,0.0,0.0,0.0,0.0,0.0,0.0,0.0,0.0,0.0,0.0,0.0,0.0,0.0
2025-10-09,0.0,3.4,0.1,0.04,18.16,18.16,0.0,0.0,0.0,0.04,18.16,0.0,0.0
2025-10-10,0.0,0.1,0.1,0.02,9.09,9.09,0.0,0.0,0.0,0.02,9.09,0.0,0.0
2025-10-11,0.0,0.0,0.1,0.01,1.36,1.36,0.0,0.0,0.0,0.01,1.36,0.0,0.0
2025-10-12,0.0,0.0,0.1,0.01,1.33,1.33,0.0,0.0,0.0,0.01,1.33,0.0,0.0
2025-10-13,0.0,0.0,0.1,0.03,1.69,1.69,0.0,0.0,0.0,0.03,1.69,0.0,0.0
2025-10-14,3.0,0.1,0.2,2.75,6.11,6.16,0.05,1.79,0.81,2.75,6.11,3.0,0.0
2025-10-15,21.0,0.0,0.0,18.81,1.05,2.14,1.09,5.48,50.93,18.81,1.05,21.0,0.0
2025-10-16,29.1,0.1,0.2,22.22,4.22,9.5,5.28,19.2,55.58,22.22,4.22,29.1,0.0
2025-10-17,26.3,0.0,0.2,24.58,1.08,1.7,0.62,2.46,36.47,24.58,1.08,26.3,0.0
2025-10-18,7.9,0.1,0.1,7.12,1.22,1.6,0.38,5.07,23.75,7.12,1.22,7.9,0.0
2025-10-19,17.4,0.0,0.2,16.27,1.04,1.47,0.43,2.57,29.25,16.27,1.04,17.4,0.0
2025-10-20,22.8,0.0,0.1,16.31,1.77,7.16,5.39,24.84,75.28,16.31,1.77,22.8,0.0
2025-10-21,24.5,0.0,0.1,21.45,1.9,3.95,2.05,8.72,51.9,21.45,1.9,24.5,0.0
2025-10-22,30.3,0.1,0.2,26.41,0.55,3.24,2.69,9.24,83.02,26.41,0.55,30.3,0.0
2025-10-23,30.3,0.0,0.2,21.55,2.46,9.81,7.35,25.43,74.92,21.55,2.46,30.3,0.0
2025-10-24,30.7,0.0,0.0,27.35,0.55,2.6,2.05,6.97,78.85,27.35,0.55,30.7,0.0
2025-10-25,27.8,0.1,0.1,25.37,0.15,1.18,1.03,3.9,87.29,25.37,0.15,27.8,0.0
2025-10-26,26.0,0.0,0.0,23.87,0.09,1.12,1.03,4.14,91.96,23.87,0.09,26.0,0.0
2025-10-27,7.1,0.1,0.1,4.8,3.94,5.74,1.8,27.27,31.36,4.8,3.94,7.1,0.0
2025-10-28,3.2,0.0,0.0,1.16,8.7,10.34,1.64,58.57,15.86,1.16,8.7,3.2,0.0
2025-10-29,15.9,0.0,0.1,8.89,4.96,11.07,6.11,40.73,55.19,8.89,4.96,15.9,0.0
2025-10-30,7.5,0.0,0.0,4.84,3.27,5.53,2.26,31.83,40.87,4.84,3.27,7.5,0.0
2025-10-31,11.2,0.1,0.0,8.61,0.8,2.79,1.99,18.77,71.33,8.61,0.8,11.2,0.0
2025-11-01,25.2,0.0,0.0,21.71,0.12,2.51,2.39,9.92,95.22,21.71,0.12,25.2,0.0
2025-11-02,7.8,0.1,0.0,6.32,0.25,1.23,0.98,13.42,79.67,6.32,0.25,7.8,0.0
2025-11-03,20.6,0.0,0.1,18.46,0.13,1.37,1.24,6.29,90.51,18.46,0.13,20.6,0.0
2025-11-04,19.2,0.1,0.0,16.76,2.54,3.98,1.44,7.91,36.18,16.76,2.54,19.2,0.0
2025-11-05,19.1,0.0,0.1,10.84,4.49,11.75,7.26,40.11,61.79,10.84,4.49,19.1,0.0
2025-11-06,12.2,0.1,0.1,5.67,5.06,10.59,5.53,49.38,52.22,5.67,5.06,12.2,0.0
2025-11-07,24.1,0.0,0.0,20.72,0.58,2.76,2.18,9.52,78.99,20.72,0.58,24.1,0.0
2025-11-08,15.8,0.1,0.0,13.53,0.38,1.55,1.17,7.96,75.48,13.53,0.38,15.8,0.0
2025-11-09,14.6,0.0,0.1,12.71,0.04,1.13,1.09,7.9,96.46,12.71,0.04,14.6,0.0
2025-11-10,24.3,0.0,0.0,19.14,2.42,6.18,3.76,16.42,60.84,19.14,2.42,24.3,0.0
2025-11-11,30.6,0.0,0.1,26.88,2.49,4.91,2.42,8.26,49.29,26.88,2.49,30.6,0.0
2025-11-12,27.7,0.1,0.0,23.03,0.82,3.99,3.17,12.1,79.45,23.03,0.82,27.7,0.0
2025-11-13,13.4,0.0,0.1,11.62,2.03,3.11,1.08,8.5,34.73,11.62,2.03,13.4,0.0
2025-11-14,16.6,0.1,0.0,13.7,0.17,2.07,1.9,12.18,91.79,13.7,0.17,16.6,0.0
2025-11-15,12.9,0.0,0.0,11.0,0.01,1.11,1.1,9.09,99.1,11.0,0.01,12.9,0.0
2025-11-16,13.0,0.1,0.1,11.29,0.1,1.21,1.11,8.95,91.74,11.29,0.1,13.0,0.0
2025-11-17,13.3,0.0,0.0,9.94,0.69,3.25,2.56,20.48,78.77,9.94,0.69,13.3,0.0
2025-11-18,14.5,0.0,0.1,12.23,2.09,3.66,1.57,11.38,42.9,12.23,2.09,14.5,0.0
2025-11-19,23.5,0.1,0.0,20.27,0.5,2.63,2.13,9.51,80.99,20.27,0.5,23.5,0.0
2025-11-20,21.1,0.0,0.0,18.68,0.2,1.72,1.52,7.52,88.37,18.68,0.2,21.1,0.0
2025-11-21,27.4,0.1,0.1,24.53,0.29,1.96,1.67,6.37,85.2,24.53,0.29,27.4,0.0
2025-11-22,22.5,0.0,0.0,19.49,0.19,2.1,1.91,8.93,90.95,19.49,0.19,22.5,0.0
2025-11-23,16.8,0.0,0.0,14.41,0.14,1.43,1.29,8.22,90.21,14.41,0.14,16.8,0.0
2025-11-24,11.7,0.1,0.1,9.0,0.22,2.22,2.0,18.18,90.09,9.0,0.22,11.7,0.0
2025-11-25,17.6,0.1,0.0,14.25,3.0,5.25,2.25,13.64,42.86,14.25,3.0,17.6,0.0
2025-11-26,6.8,0.1,0.2,3.12,1.84,3.62,1.78,36.33,49.17,3.12,1.84,6.8,0.0
2025-11-27,23.1,0.1,0.1,14.1,1.02,9.02,7.9,35.91,87.58,14.1,1.02,23.1,0.1
2025-11-28,27.3,0.1,0.1,23.32,0.24,3.32,2.68,10.31,80.72,23.32,0.24,27.3,0.4
2025-11-29,30.5,0.0,0.1,26.8,0.15,2.75,2.2,7.59,80.0,26.8,0.15,30.5,0.4
2025-11-30,28.6,0.2,0.1,25.12,0.08,2.46,1.98,7.31,80.49,25.12,0.08,28.6,0.4
2025-12-01,22.7,0.0,0.1,19.2,0.03,2.83,2.4,11.11,84.81,19.2,0.03,22.7,0.4
2025-12-02,15.8,0.1,0.0,11.65,2.2,5.75,3.15,21.28,54.78,11.65,2.2,15.8,0.4
2025-12-03,22.9,0.0,0.1,18.34,2.38,6.34,3.66,16.64,57.73,18.34,2.38,22.9,0.3
2025-12-04,17.9,0.1,0.1,10.81,0.75,7.24,6.09,36.04,84.12,10.81,0.75,17.9,0.4
2025-12-05,26.7,0.0,0.0,22.27,1.95,5.48,3.13,12.32,57.12,22.27,1.95,26.7,0.4
2025-12-06,25.8,0.1,0.1,21.61,0.16,3.55,2.99,12.15,84.23,21.61,0.16,25.8,0.4
2025-12-07,25.1,0.0,0.0,22.07,0.1,2.43,1.93,8.04,79.42,22.07,0.1,25.1,0.4
2025-12-08,14.3,0.1,1.5,7.79,1.27,10.08,8.41,51.91,83.43,7.79,1.27,14.3,0.4
2025-12-09,6.6,2.4,1.6,1.31,0.02,3.11,2.79,68.05,89.71,1.31,0.02,6.6,0.3
2025-12-10,25.5,1.8,0.6,16.62,0.15,5.63,5.08,23.41,90.23,16.62,0.15,25.5,0.4
2025-12-11,31.2,0.1,1.3,23.92,0.1,7.98,7.48,23.82,93.73,23.92,0.1,31.2,0.4
2025-12-12,19.6,1.4,0.2,13.85,0.18,3.23,2.65,16.06,82.04,13.85,0.18,19.6,0.4
2025-12-13,14.2,0.1,0.3,11.79,0.2,1.21,1.21,9.31,100.0,11.79,0.2,14.2,0.0
2025-12-14,12.6,0.0,0.2,10.86,0.25,1.09,1.04,8.74,95.41,10.86,0.25,12.6,0.0
2025-12-15,24.8,0.0,0.2,25.19,0.12,0.32,0.0,0.0,0.0,25.19,0.12,24.8,0.4
2025-12-16,15.2,0.5,2.3,22.58,0.04,0.04,0.0,0.0,0.0,22.58,0.04,15.2,0.3
2025-12-17,0.0,3.4,2.8,0.16,0.06,3.44,3.44,95.56,100.0,0.16,0.06,0.0,0.4
2025-12-18,2.2,5.0,2.1,0.05,8.35,4.8,2.65,98.15,55.21,0.05,8.35,2.2,0.4
2025-12-19,9.6,0.4,0.8,11.65,0.01,0.21,0.0,0.0,0.0,11.65,0.01,9.6,0.4
2025-12-20,23.8,0.5,0.7,34.39,0.0,0.2,0.0,0.0,0.0,34.39,0.0,23.8,0.4
2025-12-21,26.6,0.3,0.7,39.07,0.03,0.23,0.0,0.0,0.0,39.07,0.03,26.6,0.4
2025-12-22,22.3,0.4,0.8,30.46,0.04,0.14,0.0,0.0,0.0,30.46,0.04,22.3,0.3
2025-12-23,28.9,0.4,0.7,37.91,0.01,0.21,0.0,0.0,0.0,37.91,0.01,28.9,0.4
2025-12-24,25.6,0.5,0.6,36.81,0.02,0.32,0.0,0.0,0.0,36.81,0.02,25.6,0.4
2025-12-25,27.2,0.5,0.5,39.59,0.01,0.21,0.0,0.0,0.0,39.59,0.01,27.2,0.4
2025-12-26,28.0,0.5,0.5,38.83,0.01,0.21,0.0,0.0,0.0,38.83,0.01,28.0,0.4
2025-12-27,23.9,0.5,0.6,34.39,0.03,0.33,0.0,0.0,0.0,34.39,0.03,23.9,0.4
2025-12-28,27.0,0.7,0.6,38.99,0.03,0.03,0.0,0.0,0.0,38.99,0.03,27.0,0.3
2025-12-29,23.9,0.5,0.5,33.62,0.03,0.23,0.0,0.0,0.0,33.62,0.03,23.9,0.4
2025-12-30,27.6,0.6,0.6,39.85,0.01,0.31,0.0,0.0,0.0,39.85,0.01,27.6,0.4
2025-12-31,24.9,0.5,0.5,36.53,0.01,0.21,0.0,0.0,0.0,36.53,0.01,24.9,0.4
2026-01-01,24.4,0.6,0.6,35.51,0.01,0.21,0.0,0.0,0.0,35.51,0.01,24.4,0.4
2026-01-02,18.6,0.5,0.5,26.58,0.01,0.31,0.0,0.0,0.0,26.58,0.01,18.6,0.4
2026-01-03,24.7,0.5,0.5,35.79,0.01,0.11,0.0,0.0,0.0,35.79,0.01,24.7,0.3
2026-01-04,12.4,0.5,0.5,16.43,0.02,0.32,0.0,0.0,0.0,16.43,0.02,12.4,0.4
2026-01-05,12.5,0.6,1.1,16.81,0.01,0.21,0.0,0.0,0.0,16.81,0.01,12.5,0.4
2026-01-06,21.0,2.0,1.4,26.33,0.01,0.0,0.0,0.0,0.0,26.33,0.01,21.0,0.4
2026-01-07,19.0,0.8,0.6,26.84,0.01,0.11,0.0,0.0,0.0,26.84,0.01,19.0,0.4
2026-01-08,20.3,0.5,0.8,27.83,0.0,0.2,0.0,0.0,0.0,27.83,0.0,20.3,0.4
2026-01-09,21.0,0.8,0.6,29.82,0.01,0.01,0.0,0.0,0.0,29.82,0.01,21.0,0.4
2026-01-10,25.6,0.6,0.6,37.54,0.01,0.11,0.0,0.0,0.0,37.54,0.01,25.6,0.3
2026-01-11,27.7,0.5,0.5,40.98,0.03,0.23,0.0,0.0,0.0,40.98,0.03,27.7,0.4
2026-01-12,24.1,0.5,0.6,31.25,0.06,0.26,0.0,0.0,0.0,31.25,0.06,24.1,0.4
2026-01-13,18.8,0.7,0.6,25.57,0.01,0.31,0.0,0.0,0.0,25.57,0.01,18.8,0.4
2026-01-14,19.2,0.5,0.7,27.53,0.05,0.35,0.0,0.0,0.0,27.53,0.05,19.2,0.4
2026-01-15,17.9,0.6,0.7,25.87,0.04,0.14,0.0,0.0,0.0,25.87,0.04,17.9,0.4
2026-01-16,17.7,0.9,0.7,24.18,0.0,0.1,0.0,0.0,0.0,24.18,0.0,17.7,0.3
2026-01-17,21.8,0.7,0.9,31.56,0.01,0.11,0.0,0.0,0.0,31.56,0.01,21.8,0.4
2026-01-18,18.0,1.0,0.6,25.59,0.01,0.11,0.0,0.0,0.0,25.59,0.01,18.0,0.4
2026-01-19,11.4,0.4,0.6,14.83,0.01,0.21,0.0,0.0,0.0,14.83,0.01,11.4,0.4
2026-01-20,18.4,0.5,0.9,25.19,0.0,0.3,0.0,0.0,0.0,25.19,0.0,18.4,0.4
2026-01-21,9.9,1.2,0.6,9.46,0.02,0.0,0.0,0.0,0.0,9.46,0.02,9.9,0.4
2026-01-22,10.6,0.4,0.5,14.41,0.0,0.2,0.0,0.0,0.0,14.41,0.0,10.6,0.3
2026-01-23,16.4,0.5,1.0,21.25,0.01,0.31,0.0,0.0,0.0,21.25,0.01,16.4,0.4
2026-01-24,12.2,2.0,1.7,12.98,0.0,0.1,0.0,0.0,0.0,12.98,0.0,12.2,0.4
2026-01-25,16.8,1.8,1.9,19.3,0.01,0.11,0.0,0.0,0.0,19.3,0.01,16.8,0.4
2026-01-26,22.3,1.9,1.1,27.95,0.01,0.0,0.0,0.0,0.0,27.95,0.01,22.3,0.4
2026-01-27,20.9,0.9,1.3,28.28,0.05,0.15,0.0,0.0,0.0,28.28,0.05,20.9,0.4
2026-01-28,19.3,0.4,0.7,28.03,0.07,0.37,0.0,0.0,0.0,28.03,0.07,19.3,0.3
2026-01-29,20.4,0.8,0.6,29.19,0.03,0.23,0.0,0.0,0.0,29.19,0.03,20.4,0.4
2026-01-30,14.6,0.5,2.4,19.2,0.02,0.32,0.0,0.0,0.0,19.2,0.02,14.6,0.4
2026-01-31,20.3,3.5,1.2,18.73,0.01,0.11,0.0,0.0,0.0,18.73,0.01,20.3,0.4
2026-02-01,12.4,0.5,0.9,15.83,0.01,0.31,0.0,0.0,0.0,15.83,0.01,12.4,0.4
2026-02-02,13.2,1.2,1.3,11.87,0.01,0.34,0.23,1.9,67.65,11.87,0.01,13.2,0.4
2026-02-03,15.8,1.1,1.4,13.45,0.01,1.56,1.25,8.5,80.13,13.45,0.01,15.8,0.4
2026-02-04,15.0,1.3,1.1,10.7,0.17,2.37,2.0,15.75,84.39,10.7,0.17,15.0,0.3
2026-02-05,18.9,3.0,2.8,9.71,0.26,7.95,7.49,43.55,94.21,9.71,0.26,18.9,0.3
2026-02-06,0.0,0.0,0.0,0.0,0.0,0.0,0.0,0.0,0.0,0.0,0.0,0.0,0.0
2026-02-07,0.0,0.0,0.0,0.0,0.0,0.0,0.0,0.0,0.0,0.0,0.0,0.0,0.0
2026-02-08,0.0,0.0,0.0,0.0,0.0,0.0,0.0,0.0,0.0,0.0,0.0,0.0,0.0
2026-02-09,0.0,0.0,0.0,0.0,0.0,0.0,0.0,0.0,0.0,0.0,0.0,0.0,0.0
2026-02-10,0.0,0.0,0.0,0.0,0.0,0.0,0.0,0.0,0.0,0.0,0.0,0.0,0.0
2026-02-11,0.0,0.0,0.0,0.0,0.0,0.0,0.0,0.0,0.0,0.0,0.0,0.0,0.0
2026-02-12,0.0,0.0,0.0,0.0,0.0,0.0,0.0,0.0,0.0,0.0,0.0,0.0,0.0
2026-02-13,0.0,0.0,0.0,0.0,0.0,0.0,0.0,0.0,0.0,0.0,0.0,0.0,0.0
2026-02-14,0.0,0.0,0.0,0.0,0.0,0.0,0.0,0.0,0.0,0.0,0.0,0.0,0.0
2026-02-15,0.0,0.0,0.0,0.0,0.0,0.0,0.0,0.0,0.0,0.0,0.0,0.0,0.0
2026-02-16,0.0,0.0,0.0,0.0,0.0,0.0,0.0,0.0,0.0,0.0,0.0,0.0,0.0
2026-02-17,0.0,0.0,0.0,0.0,0.0,0.0,0.0,0.0,0.0,0.0,0.0,0.0,0.0
2026-02-18,0.0,0.0,0.0,0.0,0.0,0.0,0.0,0.0,0.0,0.0,0.0,0.0,0.0
2026-02-19,0.0,0.0,0.0,0.0,0.0,0.0,0.0,0.0,0.0,0.0,0.0,0.0,0.0
2026-02-20,0.0,0.0,0.0,0.0,0.0,0.0,0.0,0.0,0.0,0.0,0.0,0.0,0.0
2026-02-21,0.0,0.0,0.0,0.0,0.0,0.0,0.0,0.0,0.0,0.0,0.0,0.0,0.0
2026-02-22,0.0,0.0,0.0,0.0,0.0,0.0,0.0,0.0,0.0,0.0,0.0,0.0,0.0
2026-02-23,0.0,0.0,0.0,0.0,0.0,0.0,0.0,0.0,0.0,0.0,0.0,0.0,0.0
2026-02-24,0.0,0.0,0.0,0.0,0.0,0.0,0.0,0.0,0.0,0.0,0.0,0.0,0.0
2026-02-25,0.0,0.0,0.0,0.0,0.0,0.0,0.0,0.0,0.0,0.0,0.0,0.0,0.0
2026-02-26,0.0,0.0,0.0,0.0,0.0,0.0,0.0,0.0,0.0,0.0,0.0,0.0,0.0
2026-02-27,0.0,0.0,0.0,0.0,0.0,0.0,0.0,0.0,0.0,0.0,0.0,0.0,0.0
2026-02-28,0.0,0.0,0.0,0.0,0.0,0.0,0.0,0.0,0.0,0.0,0.0,0.0,0.0
2026-03-01,0.0,0.0,0.0,0.0,0.0,0.0,0.0,0.0,0.0,0.0,0.0,0.0,0.0
2026-03-02,0.0,0.0,0.0,0.0,0.0,0.0,0.0,0.0,0.0,0.0,0.0,0.0,0.0
2026-03-03,0.0,0.0,0.0,0.0,0.0,0.0,0.0,0.0,0.0,0.0,0.0,0.0,0.0
2026-03-04,0.0,0.0,0.0,0.0,0.0,0.0,0.0,0.0,0.0,0.0,0.0,0.0,0.0
2026-03-05,0.0,0.0,0.0,0.0,0.0,0.0,0.0,0.0,0.0,0.0,0.0,0.0,0.0
2026-03-06,0.0,0.0,0.0,0.0,0.0,0.0,0.0,0.0,0.0,0.0,0.0,0.0,0.0
2026-03-07,0.0,0.0,0.0,0.0,0.0,0.0,0.0,0.0,0.0,0.0,0.0,0.0,0.0
2026-03-08,0.0,0.0,0.0,0.0,0.0,0.0,0.0,0.0,0.0,0.0,0.0,0.0,0.0
2026-03-09,6.6,5.0,3.2,0.0,0.0,5.9,5.9,100.0,100.0,0.0,0.0,6.6,0.0
2026-03-10,6.6,0.1,1.3,0.1,0.6,7.5,7.1,98.61,94.67,0.1,0.6,6.6,0.0
2026-03-11,0.0,0.0,3.0,0.2,5.1,7.2,2.1,91.3,29.17,0.2,5.1,0.0,0.0
2026-03-12,0.0,4.9,0.0,0.4,6.8,1.2,0.0,0.0,0.0,0.4,6.8,0.0,0.0
2026-03-13,0.0,0.0,0.0,1.4,3.6,2.9,0.0,0.0,0.0,1.4,3.6,0.0,0.0
2026-03-14,0.0,0.0,0.0,3.0,0.0,0.0,0.0,0.0,0.0,3.0,0.0,0.0,0.0
2026-03-15,0.0,0.0,0.0,2.3,0.0,0.0,0.0,0.0,0.0,2.3,0.0,0.0,0.0
2026-03-16,0.0,0.4,0.0,1.7,4.1,2.9,0.0,0.0,0.0,1.7,4.1,0.0,0.0
2026-03-17,13.1,0.1,1.8,1.0,0.9,13.3,12.7,92.7,95.49,1.0,0.9,13.1,0.0
2026-03-18,18.4,2.3,1.9,0.0,0.0,16.6,16.6,100.0,100.0,0.0,0.0,18.4,0.0
2026-03-19,11.8,2.5,2.3,0.0,0.0,10.2,10.2,100.0,100.0,0.0,0.0,11.8,0.0
2026-03-20,22.1,2.8,1.3,0.0,0.0,18.8,18.8,100.0,100.0,0.0,0.0,22.1,0.0
2026-03-21,28.0,1.7,0.0,0.0,0.0,24.8,24.8,100.0,100.0,0.0,0.0,28.0,0.0
2026-03-22,25.8,0.7,0.0,0.0,0.0,23.7,23.7,100.0,100.0,0.0,0.0,25.8,0.0
2026-03-23,31.2,0.7,2.0,0.0,0.0,30.3,30.3,100.0,100.0,0.0,0.0,31.2,0.0
2026-03-24,29.0,2.4,2.1,0.0,0.0,26.8,26.8,100.0,100.0,0.0,0.0,29.0,0.0
2026-03-25,19.3,3.1,3.2,1.7,0.1,16.5,16.5,90.66,100.0,1.7,0.1,19.3,0.0
2026-03-26,13.2,3.3,3.7,6.0,0.0,8.6,8.6,58.9,100.0,6.0,0.0,13.2,0.0
2026-03-27,21.0,3.7,3.9,7.7,0.0,13.9,13.9,64.35,100.0,7.7,0.0,21.0,0.0
2026-03-28,20.9,3.7,0.0,11.8,0.0,6.7,6.7,36.22,100.0,11.8,0.0,20.9,0.0
2026-03-29,19.6,0.0,0.0,12.3,0.0,6.4,6.4,34.22,100.0,12.3,0.0,19.6,0.0
2026-03-30,15.8,1.2,4.8,6.1,0.0,12.2,12.2,66.67,100.0,6.1,0.0,15.8,0.0
2026-03-31,7.4,4.4,3.3,0.5,0.1,6.3,6.3,92.65,100.0,0.5,0.1,7.4,0.0
2026-04-01,15.1,3.3,2.2,9.7,0.0,2.8,2.8,22.4,100.0,9.7,0.0,15.1,0.0
2026-04-02,15.4,2.7,0.0,11.6,0.0,0.1,0.1,0.85,100.0,11.6,0.0,15.4,0.0
2026-04-03,17.7,0.5,0.0,16.0,0.0,0.1,0.1,0.62,100.0,16.0,0.0,17.7,0.0
2026-04-04,16.3,0.6,0.0,13.9,0.0,0.8,0.8,5.44,100.0,13.9,0.0,16.3,0.0
2026-04-05,17.7,0.6,0.0,16.0,0.0,0.0,0.0,0.0,0.0,16.0,0.0,17.7,0.0
2026-04-06,16.5,3.2,14.8,12.8,0.0,4.1,4.1,24.26,100.0,12.8,0.0,16.5,0.0
2026-04-07,11.5,3.2,0.7,5.5,0.0,2.2,2.2,28.57,100.0,5.5,0.0,11.5,0.0
2026-04-08,10.2,0.0,0.0,4.9,0.0,6.0,6.0,55.05,100.0,4.9,0.0,10.2,0.0
2026-04-09,9.5,3.2,2.0,1.6,0.0,5.2,5.2,76.47,100.0,1.6,0.0,9.5,0.0
2026-04-10,4.9,1.7,2.1,0.0,0.0,4.3,4.3,100.0,100.0,0.0,0.0,4.9,0.0
2026-04-11,17.5,3.0,0.0,13.3,0.0,0.3,0.3,2.21,100.0,13.3,0.0,17.5,0.0
2026-04-12,17.9,0.6,0.0,16.2,0.0,0.3,0.3,1.82,100.0,16.2,0.0,17.9,0.0
2026-04-13,15.2,0.9,2.4,9.6,0.0,5.9,5.9,38.06,100.0,9.6,0.0,15.2,0.0
2026-04-14,18.0,2.8,0.2,10.3,0.0,4.1,4.1,28.47,100.0,10.3,0.0,18.0,0.0
2026-04-15,19.8,0.9,2.2,14.8,0.0,5.1,5.1,25.63,100.0,14.8,0.0,19.8,0.0
2026-04-16,7.2,2.7,0.2,2.4,0.0,1.8,1.8,42.86,100.0,2.4,0.0,7.2,0.0
2026-04-17,0.0,0.0,0.0,0.0,0.0,0.0,0.0,0.0,0.0,0.0,0.0,0.0,0.0
2026-04-18,0.0,0.0,0.0,0.0,0.0,0.0,0.0,0.0,0.0,0.0,0.0,0.0,0.0
2026-04-19,0.0,0.0,0.0,0.0,0.0,0.0,0.0,0.0,0.0,0.0,0.0,0.0,0.0
2026-04-20,0.0,0.0,0.0,0.0,0.0,0.0,0.0,0.0,0.0,0.0,0.0,0.0,0.0
2026-04-21,0.0,0.0,0.0,0.0,0.0,0.0,0.0,0.0,0.0,0.0,0.0,0.0,0.0
2026-04-22,0.0,0.0,0.0,0.0,0.0,0.0,0.0,0.0,0.0,0.0,0.0,0.0,0.0
2026-04-23,0.0,0.0,0.0,0.0,0.0,0.0,0.0,0.0,0.0,0.0,0.0,0.0,0.0
2026-04-24,1.6,0.0,0.0,0.9,0.0,2.3,2.3,71.88,100.0,0.9,0.0,1.6,0.0
2026-04-25,15.5,2.6,0.0,11.8,0.0,0.2,0.2,1.67,100.0,11.8,0.0,15.5,0.0
2026-04-26,14.5,0.7,0.0,12.9,0.0,0.3,0.3,2.27,100.0,12.9,0.0,14.5,0.0
2026-04-27,8.2,0.8,2.8,3.7,0.0,5.5,5.5,59.78,100.0,3.7,0.0,8.2,0.0
2026-04-28,9.8,3.5,2.1,1.9,0.0,5.3,5.3,73.61,100.0,1.9,0.0,9.8,0.0
2026-04-29,9.8,2.7,1.7,3.8,0.1,4.2,4.1,51.9,97.62,3.8,0.1,9.8,0.0
2026-04-30,13.2,2.3,1.4,6.9,0.0,4.4,4.4,38.94,100.0,6.9,0.0,13.2,0.0
2026-05-01,10.0,1.9,0.1,7.1,0.0,0.5,0.5,6.58,100.0,7.1,0.0,10.0,0.0
2026-05-02,11.4,0.7,0.0,9.9,0.1,0.4,0.3,2.94,75.0,9.9,0.1,11.4,0.0
2026-05-03,5.6,0.7,0.0,4.2,0.0,0.2,0.2,4.55,100.0,4.2,0.0,5.6,0.0
2026-05-04,13.5,1.0,0.3,9.8,0.0,2.4,2.4,19.67,100.0,9.8,0.0,13.5,0.0
2026-05-05,13.8,0.7,0.0,12.2,0.0,0.2,0.2,1.61,100.0,12.2,0.0,13.8,0.0
2026-05-06,14.2,1.0,2.3,10.6,0.0,3.8,3.8,26.39,100.0,10.6,0.0,14.2,0.0
2026-05-07,13.6,2.5,0.0,10.1,0.0,0.3,0.3,2.88,100.0,10.1,0.0,13.6,0.0
2026-05-08,8.2,0.8,2.1,4.7,0.0,4.0,4.0,45.98,100.0,4.7,0.0,8.2,0.0
2026-05-09,8.5,2.6,0.0,5.1,0.1,0.2,0.1,1.92,50.0,5.1,0.1,8.5,0.0
2026-05-10,2.2,0.7,0.0,1.1,0.0,0.2,0.2,15.38,100.0,1.1,0.0,2.2,0.0
2026-05-11,14.4,0.7,0.1,12.7,0.0,0.3,0.3,2.31,100.0,12.7,0.0,14.4,0.0
2026-05-12,16.7,0.7,1.6,14.9,0.0,1.6,1.6,9.7,100.0,14.9,0.0,16.7,0.0
2026-05-13,14.7,2.3,2.5,11.3,0.0,2.4,2.4,17.52,100.0,11.3,0.0,14.7,0.0
2026-05-14,13.3,3.1,1.2,9.2,0.0,1.1,1.1,10.68,100.0,9.2,0.0,13.3,0.0
2026-05-15,4.8,1.5,2.0,2.7,0.0,1.7,1.7,38.64,100.0,2.7,0.0,4.8,0.0
2026-05-16,11.9,2.5,0.0,8.5,0.0,0.2,0.2,2.3,100.0,8.5,0.0,11.9,0.0
2026-05-17,4.4,0.7,0.0,3.1,0.0,0.2,0.2,6.06,100.0,3.1,0.0,4.4,0.0
2026-05-18,2.8,0.6,1.7,1.2,0.1,2.0,1.9,61.29,95.0,1.2,0.1,2.8,0.0
2026-05-19,3.3,2.0,0.3,0.0,0.0,0.8,0.8,100.0,100.0,0.0,0.0,3.3,0.0
2026-05-20,6.5,4.2,57.6,4.6,0.0,1.5,1.5,24.59,100.0,4.6,0.0,6.5,0.0
2026-05-21,3.7,0.0,0.0,0.2,0.0,1.9,1.9,90.48,100.0,0.2,0.0,3.7,0.0
2026-05-22,2.9,5.0,59.4,0.4,0.0,1.2,1.2,75.0,100.0,0.4,0.0,2.9,0.0
2026-05-23,2.7,1.9,1.7,0.0,0.0,0.4,0.4,100.0,100.0,0.0,0.0,2.7,0.0
2026-05-24,10.6,0.9,1.6,8.9,0.0,0.2,0.2,2.2,100.0,8.9,0.0,10.6,0.0
2026-05-25,8.8,0.7,2.4,7.3,0.1,1.5,1.4,16.09,93.33,7.3,0.1,8.8,0.0
2026-05-26,8.2,3.0,2.9,2.6,0.1,4.3,4.3,62.32,100.0,2.6,0.1,8.2,0.0
2026-05-27,6.9,0.0,0.0,3.4,0.3,1.6,1.5,30.61,93.75,3.4,0.3,6.9,0.0
2026-05-28,13.6,5.2,65.7,11.0,0.1,1.5,1.5,12.0,100.0,11.0,0.1,13.6,0.0
2026-05-29,10.5,0.0,0.0,8.0,0.1,0.6,0.6,6.98,100.0,8.0,0.1,10.5,0.0
2026-05-30,8.2,5.3,66.8,6.7,0.1,0.0,0.0,0.0,0.0,6.7,0.1,8.2,0.0
2026-05-31,8.4,0.9,1.8,7.2,0.2,0.2,0.2,2.7,100.0,7.2,0.2,8.4,0.0
2026-06-01,7.7,0.0,0.0,6.3,0.1,1.8,1.8,22.22,100.0,6.3,0.1,7.7,0.0
2026-06-02,9.4,2.9,1.4,5.7,0.3,1.6,1.5,20.83,93.75,5.7,0.3,9.4,0.0
2026-06-03,10.4,2.0,1.0,6.9,0.3,1.8,1.8,20.69,100.0,6.9,0.3,10.4,0.0
2026-06-04,9.0,1.3,0.2,7.4,0.1,0.2,0.2,2.63,100.0,7.4,0.1,9.0,0.0
2026-06-05,12.2,0.9,0.3,11.0,0.1,0.0,0.0,0.0,0.0,11.0,0.1,12.2,0.0
2026-06-06,13.8,0.9,0.3,12.4,0.1,0.2,0.2,1.59,100.0,12.4,0.1,13.8,0.0
2026-06-07,13.7,1.0,0.2,12.3,0.1,0.0,0.0,0.0,0.0,12.3,0.1,13.7,0.0
2026-06-08,13.3,1.0,1.6,9.2,0.2,3.9,3.8,29.23,97.44,9.2,0.2,13.3,0.0
2026-06-09,11.6,2.1,0.5,7.3,0.2,2.1,2.1,22.34,100.0,7.3,0.2,11.6,0.0
2026-06-10,11.2,1.4,1.6,9.3,0.2,1.3,1.2,11.43,92.31,9.3,0.2,11.2,0.0
2026-06-11,5.6,2.0,1.8,2.2,0.0,2.3,2.3,51.11,100.0,2.2,0.0,5.6,0.0
2026-06-12,3.8,9.1,80.1,0.7,0.8,2.0,1.9,73.08,95.0,0.7,0.8,3.8,0.0
2026-06-13,7.3,0.0,0.0,5.5,0.3,0.1,0.1,1.79,100.0,5.5,0.3,7.3,0.0
2026-06-14,5.0,0.9,0.3,4.0,0.3,0.1,0.1,2.44,100.0,4.0,0.3,5.0,0.0
2026-06-15,2.8,1.3,1.4,0.4,0.3,2.0,2.0,83.33,100.0,0.4,0.3,2.8,0.0
2026-06-16,8.2,1.8,0.9,4.5,0.1,2.3,2.3,33.82,100.0,4.5,0.1,8.2,0.0
2026-06-17,13.6,8.4,83.1,10.3,0.1,1.5,1.5,12.71,100.0,10.3,0.1,13.6,0.0
2026-06-18,14.4,1.2,1.5,12.0,0.1,1.1,1.1,8.4,100.0,12.0,0.1,14.4,0.0
2026-06-19,13.4,1.0,1.6,11.5,0.1,0.7,0.7,5.74,100.0,11.5,0.1,13.4,0.0
2026-06-20,6.8,1.0,1.3,5.8,0.3,0.1,0.0,0.0,0.0,5.8,0.3,6.8,0.0
2026-06-21,14.0,1.0,1.5,12.6,0.1,0.2,0.2,1.56,100.0,12.6,0.1,14.0,0.0
2026-06-22,13.9,0.0,0.0,11.1,0.1,2.0,2.0,15.27,100.0,11.1,0.1,13.9,0.0
2026-06-23,2.9,1.4,3.1,0.2,0.9,4.3,4.2,95.45,97.67,0.2,0.9,2.9,0.0
2026-06-24,1.4,0.9,1.3,0.3,0.9,2.1,2.0,86.96,95.24,0.3,0.9,1.4,0.0
2026-06-25,0.0,6.2,3.5,0.2,7.7,7.7,0.0,0.0,0.0,0.2,7.7,0.0,0.0
2026-06-26,3.0,1.6,1.5,0.2,1.3,2.8,2.3,92.0,82.14,0.2,1.3,3.0,0.0
2026-06-27,5.0,3.4,1.2,1.2,0.2,0.9,0.9,42.86,100.0,1.2,0.2,5.0,0.0
2026-06-28,5.2,1.7,0.3,3.1,0.3,0.3,0.2,6.06,66.67,3.1,0.3,5.2,0.0
2026-06-29,4.5,0.9,0.3,3.4,0.3,0.1,0.1,2.86,100.0,3.4,0.3,4.5,0.0
2026-06-30,5.1,0.9,0.2,3.9,0.2,0.2,0.2,4.88,100.0,3.9,0.2,5.1,0.0
2026-07-01,5.2,0.9,0.3,4.0,0.3,0.2,0.2,4.76,100.0,4.0,0.3,5.2,0.0
2026-07-02,5.2,1.0,1.0,4.0,0.2,0.6,0.6,13.04,100.0,4.0,0.2,5.2,0.0
2026-07-03,5.2,1.5,0.4,2.5,0.3,1.1,1.1,30.56,100.0,2.5,0.3,5.2,0.0
2026-07-04,3.2,1.1,0.3,1.9,0.3,0.3,0.2,9.52,66.67,1.9,0.3,3.2,0.0
2026-07-05,4.4,1.0,0.3,3.3,0.2,0.1,0.1,2.94,100.0,3.3,0.2,4.4,0.0
2026-07-06,4.7,0.9,0.2,3.6,0.3,0.3,0.2,5.26,66.67,3.6,0.3,4.7,0.0
2026-07-07,2.5,0.9,0.3,1.4,0.3,0.1,0.1,6.67,100.0,1.4,0.3,2.5,0.0
2026-07-08,4.9,1.0,0.3,3.8,0.2,0.1,0.1,2.56,100.0,3.8,0.2,4.9,0.0
2026-07-09,4.9,0.9,0.3,3.7,0.3,0.2,0.2,5.13,100.0,3.7,0.3,4.9,0.0
2026-07-10,5.3,0.9,0.2,3.9,0.2,0.3,0.3,7.14,100.0,3.9,0.2,5.3,0.0
2026-07-11,5.3,1.0,0.3,4.0,0.3,0.3,0.2,4.76,66.67,4.0,0.3,5.3,0.0
2026-07-12,3.8,0.9,0.3,2.7,0.2,0.2,0.2,6.9,100.0,2.7,0.2,3.8,0.0
2026-07-13,3.9,0.9,0.2,2.7,0.3,0.3,0.2,6.9,66.67,2.7,0.3,3.9,0.0
2026-07-14,3.6,0.8,0.3,2.4,0.2,0.2,0.2,7.69,100.0,2.4,0.2,3.6,0.0
2026-07-15,5.7,1.0,0.4,4.3,0.2,0.3,0.3,6.52,100.0,4.3,0.2,5.7,0.0
2026-07-16,5.6,1.1,0.3,4.3,0.3,0.2,0.1,2.27,50.0,4.3,0.3,5.6,0.0
2026-07-17,5.7,0.9,0.2,4.5,0.2,0.2,0.2,4.26,100.0,4.5,0.2,5.7,0.0
2026-07-18,5.8,0.9,0.3,4.5,0.2,0.2,0.2,4.26,100.0,4.5,0.2,5.8,0.0
2026-07-19,5.9,1.0,0.3,4.7,0.3,0.1,0.1,2.08,100.0,4.7,0.3,5.9,0.0
2026-07-20,5.7,0.9,0.3,4.2,0.2,0.4,0.4,8.7,100.0,4.2,0.2,5.7,0.0
2026-07-21,5.7,1.2,0.6,4.0,0.2,0.5,0.5,11.11,100.0,4.0,0.2,5.7,0.0
2026-07-22,4.9,1.0,0.3,3.7,0.3,0.3,0.2,5.13,66.67,3.7,0.3,4.9,0.0
2026-07-23,3.5,0.9,0.3,1.6,0.3,1.0,1.0,38.46,100.0,1.6,0.3,3.5,0.0
2026-07-24,0.8,0.7,0.3,0.3,0.7,0.2,0.2,40.0,100.0,0.3,0.7,0.8,0.0
2026-07-25,2.6,1.0,0.3,1.3,0.3,0.3,0.2,13.33,66.67,1.3,0.3,2.6,0.0
2026-07-26,5.8,0.9,0.3,4.6,0.2,0.1,0.1,2.13,100.0,4.6,0.2,5.8,0.0
2026-07-27,5.6,0.9,0.4,4.3,0.3,0.3,0.3,6.52,100.0,4.3,0.3,5.6,0.0
2026-07-28,5.7,1.1,0.2,4.4,0.2,0.1,0.1,2.22,100.0,4.4,0.2,5.7,0.0
2026-07-29,4.1,0.9,0.4,2.2,0.4,1.1,1.0,31.25,90.91,2.2,0.4,4.1,0.0
2026-07-30,4.8,0.9,0.2,3.0,0.3,0.7,0.7,18.92,100.0,3.0,0.3,4.8,0.0
2026-07-31,5.5,1.0,0.3,4.2,0.2,0.3,0.3,6.67,100.0,4.2,0.2,5.5,0.0
2026-08-01,5.8,0.9,0.3,4.6,0.2,0.1,0.1,2.13,100.0,4.6,0.2,5.8,0.0
2026-08-02,5.8,0.9,0.3,4.5,0.3,0.2,0.2,4.26,100.0,4.5,0.3,5.8,0.0
2026-08-03,1.3,1.6,3.2,0.2,1.3,2.9,2.8,93.33,96.55,0.2,1.3,1.3,0.0
2026-08-04,3.7,1.9,2.0,0.0,0.4,3.2,2.8,100.0,87.5,0.0,0.4,3.7,0.0
2026-08-05,5.4,3.0,2.1,0.8,0.4,2.7,2.5,75.76,92.59,0.8,0.4,5.4,0.0
2026-08-06,12.0,2.8,2.3,6.9,0.3,6.0,6.0,46.51,100.0,6.9,0.3,12.0,0.0
2026-08-07,3.0,1.3,1.7,0.0,0.4,2.7,2.3,100.0,85.19,0.0,0.4,3.0,0.0
2026-08-08,5.5,3.0,0.0,1.5,0.2,0.2,0.2,11.76,100.0,1.5,0.2,5.5,0.0
2026-08-09,4.2,0.6,0.0,2.9,0.0,0.1,0.1,3.33,100.0,2.9,0.0,4.2,0.0
2026-08-10,1.6,0.4,2.5,0.1,0.1,2.6,2.5,96.15,96.15,0.1,0.1,1.6,0.0
2026-08-11,2.3,1.4,1.1,0.0,0.2,0.9,0.9,100.0,100.0,0.0,0.2,2.3,0.0
2026-08-12,4.0,2.9,2.3,0.0,0.0,2.4,2.4,100.0,100.0,0.0,0.0,4.0,0.0
2026-08-13,5.1,2.7,2.0,1.4,0.1,1.8,1.7,54.84,94.44,1.4,0.1,5.1,0.0
2026-08-14,3.7,2.5,0.0,0.2,0.0,0.3,0.3,60.0,100.0,0.2,0.0,3.7,0.0
2026-08-15,3.9,0.7,0.0,2.7,0.0,0.1,0.1,3.57,100.0,2.7,0.0,3.9,0.0
2026-08-16,6.3,0.6,0.0,4.8,0.0,0.2,0.2,4.0,100.0,4.8,0.0,6.3,0.0
2026-08-17,6.4,0.6,2.0,4.8,0.0,1.9,1.9,28.36,100.0,4.8,0.0,6.4,0.0
2026-08-18,6.6,2.5,2.1,1.9,0.0,3.1,3.1,62.0,100.0,1.9,0.0,6.6,0.0
2026-08-19,6.6,2.6,2.0,3.0,0.0,1.8,1.8,37.5,100.0,3.0,0.0,6.6,0.0
2026-08-20,6.8,2.4,2.2,2.8,0.0,2.5,2.5,47.17,100.0,2.8,0.0,6.8,0.0
2026-08-21,5.4,2.9,0.3,1.6,0.0,0.4,0.4,20.0,100.0,1.6,0.0,5.4,0.0
2026-08-22,6.3,0.6,0.1,4.7,0.0,0.3,0.3,6.0,100.0,4.7,0.0,6.3,0.0
2026-08-23,6.8,0.7,0.0,5.3,0.0,0.2,0.2,3.64,100.0,5.3,0.0,6.8,0.0
2026-08-24,1.9,0.1,2.0,0.0,1.9,4.8,3.1,100.0,64.58,0.0,1.9,1.9,0.0
2026-08-25,1.9,0.0,0.0,0.0,4.3,5.5,1.5,100.0,27.27,0.0,4.3,1.9,0.0
2026-08-26,4.4,0.8,0.8,0.0,2.5,5.6,3.4,100.0,60.71,0.0,2.5,4.4,0.0
2026-08-27,6.4,2.8,2.5,0.0,0.5,5.0,4.7,100.0,94.0,0.0,0.5,6.4,0.0
2026-08-28,6.5,2.5,0.0,1.4,0.5,2.1,1.8,56.25,85.71,1.4,0.5,6.5,0.0
2026-08-29,4.7,0.6,0.0,3.3,0.0,0.1,0.1,2.94,100.0,3.3,0.0,4.7,0.0
2026-08-30,3.8,0.6,0.0,2.5,0.1,0.2,0.1,3.85,50.0,2.5,0.1,3.8,0.0
2026-08-31,3.5,0.6,2.1,2.1,0.0,2.0,2.0,48.78,100.0,2.1,0.0,3.5,0.0
2026-09-01,1.7,0.5,0.9,0.0,0.6,1.6,1.1,100.0,68.75,0.0,0.6,1.7,0.0
2026-09-02,5.6,2.9,2.1,1.7,0.3,1.9,1.8,51.43,94.74,1.7,0.3,5.6,0.0
2026-09-03,7.5,2.6,1.7,3.9,0.0,1.7,1.7,30.36,100.0,3.9,0.0,7.5,0.0
2026-09-04,7.2,2.4,1.3,2.4,0.0,2.6,2.6,52.0,100.0,2.4,0.0,7.2,0.0
2026-09-05,2.3,1.4,0.0,0.0,0.0,0.1,0.1,100.0,100.0,0.0,0.0,2.3,0.0
2026-09-06,1.2,0.5,0.0,0.0,0.0,0.1,0.1,100.0,100.0,0.0,0.0,1.2,0.0
2026-09-07,1.7,0.7,0.0,0.4,0.1,0.2,0.1,20.0,50.0,0.4,0.1,1.7,0.0
2026-09-08,3.2,0.5,2.4,1.7,0.0,2.3,2.3,57.5,100.0,1.7,0.0,3.2,0.0
2026-09-09,2.4,0.6,0.7,0.0,1.4,3.1,1.8,100.0,58.06,0.0,1.4,2.4,0.0
2026-09-10,1.2,0.4,0.4,0.0,1.8,1.9,0.4,100.0,21.05,0.0,1.8,1.2,0.0
2026-09-11,6.7,2.9,1.7,2.8,0.2,1.5,1.5,34.88,100.0,2.8,0.2,6.7,0.0
2026-09-12,1.7,1.0,0.0,0.0,0.0,0.1,0.1,100.0,100.0,0.0,0.0,1.7,0.0
2026-09-13,1.3,0.4,0.0,0.0,0.0,0.1,0.1,100.0,100.0,0.0,0.0,1.3,0.0
2026-09-14,1.5,0.7,2.1,0.0,0.1,1.9,1.8,100.0,94.74,0.0,0.1,1.5,0.0
2026-09-15,4.1,2.5,2.1,0.0,0.0,2.6,2.6,100.0,100.0,0.0,0.0,4.1,0.0
2026-09-16,6.2,3.7,2.0,1.3,0.0,2.0,2.0,60.61,100.0,1.3,0.0,6.2,0.0
2026-09-17,1.7,0.6,1.0,0.0,0.7,1.8,1.2,100.0,66.67,0.0,0.7,1.7,0.0
2026-09-18,5.9,2.8,0.0,1.1,0.4,1.4,1.2,52.17,85.71,1.1,0.4,5.9,0.0
2026-09-19,6.0,0.6,0.0,4.5,0.0,0.1,0.1,2.17,100.0,4.5,0.0,6.0,0.0
2026-09-20,2.1,0.6,0.0,0.9,0.0,0.1,0.1,10.0,100.0,0.9,0.0,2.1,0.0
2026-09-21,7.8,0.7,2.1,6.2,0.0,1.9,1.9,23.46,100.0,6.2,0.0,7.8,0.0
2026-09-22,2.0,0.8,1.1,0.0,1.2,2.5,1.4,100.0,56.0,0.0,1.2,2.0,0.0
2026-09-23,2.7,1.5,1.6,0.0,2.1,3.6,1.7,100.0,47.22,0.0,2.1,2.7,0.0
2026-09-24,3.6,2.3,2.1,0.0,0.2,2.0,2.0,100.0,100.0,0.0,0.2,3.6,0.0
2026-09-25,7.3,2.9,1.9,3.3,0.0,1.8,1.8,35.29,100.0,3.3,0.0,7.3,0.0
2026-09-26,7.8,2.4,0.0,4.3,0.0,0.2,0.2,4.44,100.0,4.3,0.0,7.8,0.0
2026-09-27,8.0,0.5,0.0,6.5,0.0,0.1,0.1,1.52,100.0,6.5,0.0,8.0,0.0
2026-09-28,6.6,0.6,2.3,5.0,0.0,2.1,2.1,29.58,100.0,5.0,0.0,6.6,0.0
2026-09-29,6.8,2.7,2.0,2.7,0.1,2.3,2.2,44.9,95.65,2.7,0.1,6.8,0.0
2026-09-30,7.0,2.5,0.0,3.5,0.0,0.2,0.2,5.41,100.0,3.5,0.0,7.0,0.0
