inicio,fim,duracao_h,energia_kwh,potencia_media_kw,cartao_id,valida
2025-09-02 09:01:00,2025-09-02 09:01:00,0.0,0.0,,,False
2025-09-02 09:23:00,2025-09-02 11:52:00,2.4833333333333334,13.66,5.500671140939597,,True
2025-09-09 08:50:00,2025-09-09 09:04:00,0.23333333333333334,1.29,5.5285714285714285,,True
2025-09-09 10:44:00,2025-09-09 18:00:00,7.266666666666667,41.62,5.727522935779816,,True
2025-09-12 18:08:00,2025-09-12 19:45:00,1.6166666666666667,8.67,5.362886597938144,,True
2025-09-16 09:13:00,2025-09-16 11:23:00,2.1666666666666665,11.96,5.5200000000000005,,True
2025-09-17 19:38:00,2025-09-17 19:38:00,0.0,0.03,,57000HPA247L0002,False
2025-09-17 20:02:00,2025-09-17 20:05:00,0.05,0.06,1.2,57000HPA247L0002,False
2025-09-17 20:05:00,2025-09-17 21:45:00,1.6666666666666667,4.9,2.94,57000HPA247L0002,True
2025-09-17 21:45:00,2025-09-18 02:05:00,4.333333333333333,9.7,2.2384615384615385,57000HPA247L0002,True
2025-09-18 20:56:00,2025-09-18 20:56:00,0.0,0.0,,57000HPA247L0002,False
2025-09-18 20:58:00,2025-09-18 20:58:00,0.0,0.0,,57000HPA247L0002,False
2025-09-18 20:59:00,2025-09-19 00:42:00,3.716666666666667,7.99,2.149775784753363,57000HPA247L0002,True
2025-09-19 21:47:00,2025-09-20 01:27:00,3.6666666666666665,7.79,2.1245454545454545,57000HPA247L0002,True
2025-09-21 15:32:00,2025-09-21 19:21:00,3.816666666666667,8.44,2.2113537117903928,57000HPA247L0002,True
2025-09-22 21:54:00,2025-09-23 02:26:00,4.533333333333333,9.67,2.133088235294118,57000HPA247L0002,True
2025-09-23 18:58:00,2025-09-23 21:34:00,2.6,5.94,2.2846153846153845,57000HPA247L0002,True
2025-09-24 18:07:00,2025-09-24 22:22:00,4.25,11.04,2.5976470588235294,57000HPA247L0002,True
2025-09-25 18:18:00,2025-09-25 20:41:00,2.3833333333333333,7.11,2.9832167832167835,57000HPA247L0002,True
2025-09-25 20:41:00,2025-09-25 21:37:00,0.9333333333333333,2.41,2.5821428571428573,57000HPA247L0002,True
2025-09-26 21:00:00,2025-09-27 00:01:00,3.0166666666666666,5.72,1.8961325966850828,57000HPA247L0002,True
2025-09-27 19:04:00,2025-09-27 20:13:00,1.15,3.5,3.0434782608695654,57000HPA247L0002,True
2025-09-28 08:14:00,2025-09-28 10:29:00,2.25,3.6,1.6,57000HPA247L0002,True
2025-09-28 16:45:00,2025-09-28 18:41:00,1.9333333333333333,5.72,2.9586206896551723,57000HPA247L0002,True
2025-09-28 18:42:00,2025-09-28 20:01:00,1.3166666666666667,1.47,1.1164556962025316,57000HPA247L0002,True
2025-09-29 20:37:00,2025-09-29 23:43:00,3.1,5.09,1.6419354838709677,57000HPA247L0002,True
2025-09-30 21:15:00,2025-10-01 00:40:00,3.4166666666666665,5.56,1.6273170731707316,57000HPA247L0002,True
2025-10-01 20:47:00,2025-10-01 20:49:00,0.03333333333333333,0.08,2.4,57000HPA247L0002,False
2025-10-01 20:50:00,2025-10-01 23:42:00,2.8666666666666667,4.82,1.6813953488372093,57000HPA247L0002,True
2025-10-02 20:38:00,2025-10-03 00:32:00,3.9,8.37,2.146153846153846,57000HPA247L0002,True
2025-10-03 20:38:00,2025-10-03 23:53:00,3.25,4.92,1.5138461538461538,57000HPA247L0002,True
2025-10-04 18:05:00,2025-10-04 19:57:00,1.8666666666666667,3.61,1.9339285714285714,57000HPA247L0002,True
2025-10-05 12:49:00,2025-10-05 17:24:00,4.583333333333333,7.64,1.666909090909091,57000HPA247L0002,True
2025-10-06 20:48:00,2025-10-07 00:04:00,3.2666666666666666,8.15,2.4948979591836737,57000HPA247L0002,True
2025-10-07 20:56:00,2025-10-08 00:01:00,3.0833333333333335,9.25,3.0,57000HPA247L0002,True
2025-10-08 21:03:00,2025-10-09 01:16:00,4.216666666666667,15.94,3.7802371541501976,57000HPA247L0002,True
2025-10-09 07:02:00,2025-10-09 07:10:00,0.13333333333333333,0.0,0.0,57000HPA247L0002,False
2025-10-09 20:46:00,2025-10-09 23:56:00,3.1666666666666665,5.48,1.730526315789474,57000HPA247L0002,True
2025-10-10 20:54:00,2025-10-10 23:58:00,3.066666666666667,5.25,1.7119565217391304,57000HPA247L0002,True
2025-10-11 16:00:00,2025-10-11 16:00:00,0.0,0.0,,57000HPA247L0002,False
2025-10-11 16:02:00,2025-10-11 16:06:00,0.06666666666666667,0.17,2.5500000000000003,57000HPA247L0002,False
2025-10-12 19:23:00,2025-10-12 21:26:00,2.05,4.57,2.229268292682927,57000HPA247L0002,True
2025-10-13 20:53:00,2025-10-13 23:52:00,2.9833333333333334,4.62,1.5486033519553073,57000HPA247L0002,True
2025-10-14 20:49:00,2025-10-14 23:53:00,3.066666666666667,4.62,1.5065217391304346,57000HPA247L0002,True
2025-10-15 20:57:00,2025-10-16 00:12:00,3.25,5.2,1.6,57000HPA247L0002,True
2025-10-16 21:24:00,2025-10-17 00:33:00,3.15,4.8,1.5238095238095237,57000HPA247L0002,True
2025-10-20 21:14:00,2025-10-21 02:02:00,4.8,10.93,2.2770833333333336,57000HPA247L0002,True
2025-10-21 20:35:00,2025-10-21 23:35:00,3.0,5.47,1.8233333333333333,57000HPA247L0002,True
2025-10-22 20:37:00,2025-10-22 23:32:00,2.9166666666666665,5.48,1.878857142857143,57000HPA247L0002,True
2025-10-23 23:28:00,2025-10-24 03:12:00,3.7333333333333334,7.74,2.0732142857142857,57000HPA247L0002,True
2025-10-24 21:14:00,2025-10-25 00:13:00,2.9833333333333334,4.63,1.5519553072625698,57000HPA247L0002,True
2025-10-26 17:19:00,2025-10-26 19:34:00,2.25,5.42,2.408888888888889,57000HPA247L0002,True
2025-10-27 20:48:00,2025-10-28 01:19:00,4.516666666666667,10.32,2.2848708487084872,57000HPA247L0002,True
2025-10-28 22:36:00,2025-10-29 01:37:00,3.0166666666666666,4.99,1.65414364640884,57000HPA247L0002,True
2025-10-29 20:57:00,2025-10-30 01:14:00,4.283333333333333,9.69,2.2622568093385214,57000HPA247L0002,True
2025-10-30 21:22:00,2025-10-31 01:14:00,3.8666666666666667,8.48,2.193103448275862,57000HPA247L0002,True
2025-10-31 19:59:00,2025-10-31 22:55:00,2.933333333333333,5.46,1.8613636363636366,57000HPA247L0002,True
2025-11-02 17:41:00,2025-11-02 23:32:00,5.85,14.53,2.483760683760684,57000HPA247L0002,True
2025-11-03 20:46:00,2025-11-04 00:28:00,3.7,7.96,2.151351351351351,57000HPA247L0002,True
2025-11-04 20:51:00,2025-11-05 00:00:00,3.15,5.48,1.73968253968254,57000HPA247L0002,True
2025-11-05 21:54:00,2025-11-06 02:02:00,4.133333333333334,9.33,2.2572580645161286,57000HPA247L0002,True
2025-11-06 20:34:00,2025-11-07 01:25:00,4.85,11.5,2.3711340206185567,57000HPA247L0002,True
2025-11-07 22:14:00,2025-11-08 02:11:00,3.95,8.82,2.232911392405063,57000HPA247L0002,True
2025-11-08 13:09:00,2025-11-08 15:05:00,1.9333333333333333,5.81,3.0051724137931033,57000HPA247L0002,True
2025-11-08 20:37:00,2025-11-08 23:40:00,3.05,6.12,2.0065573770491807,57000HPA247L0002,True
2025-11-09 17:55:00,2025-11-09 20:19:00,2.4,3.29,1.3708333333333333,57000HPA247L0002,True
2025-11-10 20:50:00,2025-11-10 23:38:00,2.8,5.18,1.85,57000HPA247L0002,True
2025-11-12 21:44:00,2025-11-13 02:22:00,4.633333333333334,10.43,2.251079136690647,57000HPA247L0002,True
2025-11-13 17:00:00,2025-11-13 19:10:00,2.1666666666666665,6.55,3.023076923076923,57000HPA247L0002,True
2025-11-14 00:45:00,2025-11-14 05:15:00,4.5,10.43,2.3177777777777777,57000HPA247L0002,True
2025-11-14 20:44:00,2025-11-14 23:38:00,2.9,4.9,1.6896551724137934,57000HPA247L0002,True
2025-11-16 13:03:00,2025-11-16 17:25:00,4.366666666666666,9.73,2.2282442748091604,57000HPA247L0002,True
2025-11-17 19:12:00,2025-11-17 22:11:00,2.9833333333333334,7.75,2.5977653631284916,57000HPA247L0002,True
2025-11-18 19:34:00,2025-11-18 21:47:00,2.216666666666667,5.02,2.264661654135338,57000HPA247L0002,True
2025-11-25 21:49:00,2025-11-26 00:57:00,3.1333333333333333,6.14,1.9595744680851064,57000HPA247L0002,True
2025-11-26 20:51:00,2025-11-27 00:01:00,3.1666666666666665,6.35,2.0052631578947366,57000HPA247L0002,True
2025-11-27 22:12:00,2025-11-28 01:59:00,3.783333333333333,8.19,2.1647577092511012,57000HPA247L0002,True
2025-11-28 21:03:00,2025-11-29 00:08:00,3.0833333333333335,4.92,1.5956756756756756,57000HPA247L0002,True
2025-11-30 15:34:00,2025-11-30 15:34:00,0.0,0.0,,57000HPA247L0002,False
2025-11-30 19:43:00,2025-12-01 02:15:00,6.533333333333333,14.16,2.1673469387755104,57000HPA247L0002,True
2025-12-01 20:38:00,2025-12-02 00:37:00,3.9833333333333334,7.22,1.81255230125523,57000HPA247L0002,True
2025-12-02 21:02:00,2025-12-03 01:52:00,4.833333333333333,9.58,1.9820689655172414,57000HPA247L0002,True
2025-12-03 22:42:00,2025-12-04 02:31:00,3.816666666666667,6.6,1.7292576419213972,57000HPA247L0002,True
2025-12-04 21:43:00,2025-12-05 01:24:00,3.683333333333333,7.57,2.0552036199095025,57000HPA247L0002,True
2025-12-05 21:04:00,2025-12-06 00:13:00,3.15,5.14,1.6317460317460317,57000HPA247L0002,True
2025-12-07 19:45:00,2025-12-08 00:50:00,5.083333333333333,10.44,2.0537704918032786,57000HPA247L0002,True
2025-12-08 21:19:00,2025-12-09 01:54:00,4.583333333333333,8.93,1.9483636363636365,57000HPA247L0002,True
2025-12-09 18:52:00,2025-12-10 00:13:00,5.35,12.71,2.3757009345794398,57000HPA247L0002,True
2025-12-10 20:56:00,2025-12-11 02:35:00,5.65,11.78,2.084955752212389,57000HPA247L0002,True
2025-12-11 21:54:00,2025-12-12 02:31:00,4.616666666666666,8.75,1.8953068592057762,57000HPA247L0002,True
2025-12-14 12:58:00,2025-12-14 13:15:00,0.2833333333333333,0.82,2.8941176470588235,57000HPA247L0002,True
2025-12-14 16:16:00,2025-12-14 20:46:00,4.5,10.88,2.417777777777778,57000HPA247L0002,True
2025-12-15 19:54:00,2025-12-15 20:28:00,0.5666666666666667,0.24,0.4235294117647059,57000HPA247L0002,False
2025-12-16 19:42:00,2025-12-17 00:52:00,5.166666666666667,10.1,1.9548387096774191,57000HPA247L0002,True
2025-12-17 21:49:00,2025-12-17 21:50:00,0.016666666666666666,0.0,0.0,57000HPA247L0002,False
2025-12-18 20:20:00,2025-12-19 01:33:00,5.216666666666667,12.67,2.4287539936102234,57000HPA247L0002,True
2025-12-21 22:06:00,2025-12-22 01:14:00,3.1333333333333333,5.14,1.6404255319148935,57000HPA247L0002,True
2025-12-25 17:25:00,2025-12-26 00:07:00,6.7,13.28,1.9820895522388058,57000HPA247L0002,True
2026-01-03 17:03:00,2026-01-04 00:47:00,7.733333333333333,16.15,2.088362068965517,57000HPA247L0002,True
2026-01-20 21:12:00,2026-01-21 02:03:00,4.85,11.51,2.37319587628866,57000HPA247L0002,True
2026-01-21 22:31:00,2026-01-22 01:33:00,3.033333333333333,5.16,1.7010989010989013,57000HPA247L0002,True
2026-01-22 22:27:00,2026-01-23 02:24:00,3.95,8.71,2.2050632911392407,57000HPA247L0002,True
2026-01-23 23:01:00,2026-01-24 01:56:00,2.9166666666666665,4.59,1.5737142857142858,57000HPA247L0002,True
2026-01-24 19:33:00,2026-01-24 20:49:00,1.2666666666666666,3.85,3.0394736842105265,57000HPA247L0002,True
2026-01-25 17:22:00,2026-01-25 21:27:00,4.083333333333333,8.31,2.035102040816327,57000HPA247L0002,True
2026-01-27 21:54:00,2026-01-28 01:23:00,3.4833333333333334,6.25,1.7942583732057416,57000HPA247L0002,True
2026-01-29 21:14:00,2026-01-30 01:28:00,4.233333333333333,9.51,2.2464566929133856,57000HPA247L0002,True
2026-01-31 13:38:00,2026-01-31 19:17:00,5.65,11.29,1.998230088495575,57000HPA247L0002,True
2026-02-01 20:29:00,2026-02-01 23:24:00,2.9166666666666665,4.56,1.5634285714285714,57000HPA247L0002,True
2026-02-02 20:39:00,2026-02-02 23:49:00,3.1666666666666665,4.91,1.5505263157894738,57000HPA247L0002,True
2026-02-04 21:06:00,2026-02-05 02:31:00,5.416666666666667,10.84,2.001230769230769,57000HPA247L0002,True
2026-02-05 20:45:00,2026-02-06 03:10:00,6.416666666666667,13.97,2.177142857142857,57000HPA247L0002,True
2026-02-06 20:51:00,2026-02-07 00:11:00,3.3333333333333335,5.28,1.584,57000HPA247L0002,True
2026-02-08 12:15:00,2026-02-08 15:37:00,3.3666666666666667,5.77,1.7138613861386138,57000HPA247L0002,True
2026-02-09 20:56:00,2026-02-10 00:16:00,3.3333333333333335,5.67,1.7009999999999998,57000HPA247L0002,True
2026-02-10 21:03:00,2026-02-11 00:15:00,3.2,5.13,1.603125,57000HPA247L0002,True
2026-02-11 21:28:00,2026-02-12 02:54:00,5.433333333333334,10.76,1.980368098159509,57000HPA247L0002,True
2026-02-12 20:49:00,2026-02-12 23:55:00,3.1,4.63,1.493548387096774,57000HPA247L0002,True
2026-02-13 20:56:00,2026-02-14 02:58:00,6.033333333333333,12.1,2.005524861878453,57000HPA247L0002,True
2026-02-23 21:57:00,2026-02-24 01:08:00,3.183333333333333,5.07,1.592670157068063,57000HPA247L0002,True
2026-02-25 20:37:00,2026-02-26 01:16:00,4.65,10.73,2.30752688172043,57000HPA247L0002,True
2026-02-26 17:49:00,2026-02-26 21:18:00,3.4833333333333334,7.23,2.075598086124402,57000HPA247L0002,True
2026-02-27 22:35:00,2026-02-28 01:21:00,2.7666666666666666,4.39,1.5867469879518072,57000HPA247L0002,True
2026-03-03 18:00:00,2026-03-03 23:27:00,5.45,12.88,2.363302752293578,57000HPA247L0002,True
2026-03-04 21:21:00,2026-03-05 00:22:00,3.0166666666666666,4.78,1.5845303867403315,57000HPA247L0002,True
2026-03-05 20:56:00,2026-03-06 00:10:00,3.2333333333333334,5.21,1.611340206185567,57000HPA247L0002,True
2026-03-06 19:28:00,2026-03-06 19:28:00,0.0,0.0,,57000HPA247L0002,False
2026-03-06 21:42:00,2026-03-07 01:27:00,3.75,5.79,1.544,57000HPA247L0002,True
2026-03-08 17:41:00,2026-03-09 00:46:00,7.083333333333333,15.51,2.1896470588235295,57000HPA247L0002,True
2026-03-09 22:34:00,2026-03-10 01:28:00,2.9,4.74,1.6344827586206898,57000HPA247L0002,True
2026-03-10 20:55:00,2026-03-10 23:47:00,2.8666666666666667,5.17,1.8034883720930233,57000HPA247L0002,True
2026-03-11 20:53:00,2026-03-11 23:51:00,2.966666666666667,4.7,1.5842696629213484,57000HPA247L0002,True
2026-03-13 22:24:00,2026-03-14 02:48:00,4.4,9.99,2.2704545454545455,57000HPA247L0002,True
2026-03-14 23:13:00,2026-03-15 03:06:00,3.8833333333333333,7.82,2.0137339055793992,57000HPA247L0002,True
2026-03-15 18:24:00,2026-03-16 00:11:00,5.783333333333333,11.68,2.0195965417867434,57000HPA247L0002,True
2026-03-16 22:05:00,2026-03-17 00:59:00,2.9,4.31,1.486206896551724,57000HPA247L0002,True
2026-03-18 19:55:00,2026-03-19 00:39:00,4.733333333333333,9.07,1.9161971830985915,57000HPA247L0002,True
2026-03-19 21:10:00,2026-03-20 00:14:00,3.066666666666667,4.73,1.5423913043478261,57000HPA247L0002,True
2026-03-20 21:17:00,2026-03-21 01:31:00,4.233333333333333,7.36,1.7385826771653543,57000HPA247L0002,True
2026-03-21 17:28:00,2026-03-21 17:59:00,0.5166666666666667,1.55,3.0,57000HPA247L0002,True
2026-03-22 01:25:00,2026-03-22 06:51:00,5.433333333333334,12.5,2.3006134969325154,57000HPA247L0002,True
2026-03-22 19:26:00,2026-03-22 23:07:00,3.683333333333333,5.35,1.4524886877828054,57000HPA247L0002,True
2026-03-23 21:11:00,2026-03-24 00:58:00,3.783333333333333,5.83,1.5409691629955948,57000HPA247L0002,True
2026-03-24 22:01:00,2026-03-25 01:51:00,3.8333333333333335,5.76,1.5026086956521738,57000HPA247L0002,True
2026-03-25 21:51:00,2026-03-26 01:10:00,3.316666666666667,4.95,1.4924623115577889,57000HPA247L0002,True
2026-03-26 21:07:00,2026-03-27 00:27:00,3.3333333333333335,5.15,1.545,57000HPA247L0002,True
2026-03-27 21:03:00,2026-03-28 00:15:00,3.2,4.69,1.465625,57000HPA247L0002,True
2026-03-30 21:57:00,2026-03-31 02:29:00,4.533333333333333,8.17,1.8022058823529412,57000HPA247L0002,True
2026-03-31 21:31:00,2026-04-01 02:04:00,4.55,10.09,2.2175824175824177,57000HPA247L0002,True
2026-04-01 21:02:00,2026-04-02 00:19:00,3.283333333333333,5.12,1.5593908629441626,57000HPA247L0002,True
2026-04-02 14:04:00,2026-04-02 14:24:00,0.3333333333333333,1.01,3.0300000000000002,57000HPA247L0002,True
2026-04-05 17:56:00,2026-04-06 01:11:00,7.25,15.09,2.0813793103448277,57000HPA247L0002,True
2026-04-06 20:24:00,2026-04-07 01:28:00,5.066666666666666,9.4,1.855263157894737,57000HPA247L0002,True
2026-04-07 21:50:00,2026-04-08 02:07:00,4.283333333333333,7.44,1.7369649805447471,57000HPA247L0002,True
2026-04-08 20:54:00,2026-04-09 02:25:00,5.516666666666667,10.0,1.8126888217522659,57000HPA247L0002,True
2026-04-09 23:43:00,2026-04-10 03:22:00,3.65,6.9,1.8904109589041098,57000HPA247L0002,True
2026-04-10 20:54:00,2026-04-10 23:53:00,2.9833333333333334,4.62,1.5486033519553073,57000HPA247L0002,True
2026-04-12 19:35:00,2026-04-12 22:24:00,2.816666666666667,4.1,1.4556213017751476,57000HPA247L0002,True
2026-04-13 22:08:00,2026-04-14 02:05:00,3.95,8.39,2.1240506329113926,57000HPA247L0002,True
2026-04-15 21:44:00,2026-04-16 01:47:00,4.05,8.53,2.106172839506173,57000HPA247L0002,True
2026-04-16 21:22:00,2026-04-17 00:41:00,3.316666666666667,5.29,1.5949748743718593,57000HPA247L0002,True
2026-04-17 07:10:00,2026-04-17 07:29:00,0.31666666666666665,0.0,0.0,57000HPA247L0002,False
2026-04-19 10:05:00,2026-04-19 14:54:00,4.816666666666666,9.84,2.042906574394464,57000HPA247L0002,True
2026-04-21 19:03:00,2026-04-21 23:23:00,4.333333333333333,9.52,2.1969230769230768,57000HPA247L0002,True
2026-04-22 21:00:00,2026-04-23 00:26:00,3.433333333333333,4.89,1.424271844660194,57000HPA247L0002,True
2026-04-23 21:43:00,2026-04-24 01:23:00,3.6666666666666665,6.11,1.6663636363636365,57000HPA247L0002,True
2026-04-26 20:01:00,2026-04-27 03:31:00,7.5,15.52,2.0693333333333332,57000HPA247L0002,True
2026-04-27 21:03:00,2026-04-28 00:31:00,3.466666666666667,5.23,1.5086538461538461,57000HPA247L0002,True
2026-04-28 21:23:00,2026-04-29 01:33:00,4.166666666666667,7.01,1.6824,57000HPA247L0002,True
2026-04-30 20:56:00,2026-05-01 01:12:00,4.266666666666667,9.51,2.22890625,57000HPA247L0002,True
2026-05-01 10:01:00,2026-05-01 10:39:00,0.6333333333333333,1.91,3.0157894736842104,57000HPA247L0002,True
2026-05-03 17:24:00,2026-05-03 23:29:00,6.083333333333333,14.65,2.408219178082192,57000HPA247L0002,True
2026-05-04 21:40:00,2026-05-05 00:50:00,3.1666666666666665,5.25,1.6578947368421053,57000HPA247L0002,True
2026-05-05 20:39:00,2026-05-06 00:10:00,3.5166666666666666,5.94,1.6890995260663508,57000HPA247L0002,True
2026-05-06 21:28:00,2026-05-07 01:00:00,3.533333333333333,5.66,1.6018867924528304,57000HPA247L0002,True
2026-05-08 21:21:00,2026-05-09 04:03:00,6.7,14.35,2.1417910447761193,57000HPA247L0002,True
2026-05-10 16:46:00,2026-05-10 21:20:00,4.566666666666666,10.98,2.404379562043796,57000HPA247L0002,True
2026-05-12 20:44:00,2026-05-13 00:51:00,4.116666666666666,9.12,2.2153846153846155,57000HPA247L0002,True
2026-05-13 21:13:00,2026-05-14 00:49:00,3.6,7.53,2.091666666666667,57000HPA247L0002,True
2026-05-16 08:37:00,2026-05-16 09:33:00,0.9333333333333333,2.69,2.882142857142857,57000HPA247L0002,True
2026-05-16 12:18:00,2026-05-16 16:19:00,4.016666666666667,10.17,2.5319502074688796,57000HPA247L0002,True
2026-05-17 19:51:00,2026-05-17 23:02:00,3.183333333333333,5.62,1.7654450261780106,57000HPA247L0002,True
2026-05-18 21:02:00,2026-05-19 00:03:00,3.0166666666666666,5.36,1.7767955801104973,57000HPA247L0002,True
2026-05-20 19:48:00,2026-05-21 01:46:00,5.966666666666667,14.57,2.441899441340782,57000HPA247L0002,True
2026-05-21 21:10:00,2026-05-22 00:28:00,3.3,6.25,1.893939393939394,57000HPA247L0002,True
2026-05-22 20:59:00,2026-05-22 23:53:00,2.9,4.97,1.7137931034482758,57000HPA247L0002,True
2026-05-24 17:27:00,2026-05-24 23:17:00,5.833333333333333,14.38,2.4651428571428573,57000HPA247L0002,True
2026-05-25 20:36:00,2026-05-25 23:30:00,2.9,4.97,1.7137931034482758,57000HPA247L0002,True
2026-05-27 20:55:00,2026-05-28 00:41:00,3.7666666666666666,8.12,2.1557522123893804,57000HPA247L0002,True
2026-05-31 19:10:00,2026-06-01 00:59:00,5.816666666666666,14.29,2.456733524355301,57000HPA247L0002,True
2026-06-01 21:48:00,2026-06-02 00:49:00,3.0166666666666666,5.6,1.856353591160221,57000HPA247L0002,True
2026-06-03 21:05:00,2026-06-04 00:32:00,3.45,7.11,2.0608695652173914,57000HPA247L0002,True
2026-06-05 10:27:00,2026-06-05 13:11:00,2.7333333333333334,4.57,1.6719512195121953,57000HPA247L0002,True
2026-06-07 16:47:00,2026-06-07 21:15:00,4.466666666666667,9.61,2.1514925373134326,57000HPA247L0002,True
2026-06-09 21:00:00,2026-06-10 01:48:00,4.8,11.24,2.341666666666667,57000HPA247L0002,True
2026-06-10 21:23:00,2026-06-10 22:33:00,1.1666666666666667,3.53,3.0257142857142854,57000HPA247L0002,True
2026-06-10 22:37:00,2026-06-11 00:31:00,1.9,2.34,1.231578947368421,57000HPA247L0002,True
2026-06-12 21:33:00,2026-06-13 02:13:00,4.666666666666667,10.75,2.3035714285714284,57000HPA247L0002,True
2026-06-13 23:12:00,2026-06-14 02:20:00,3.1333333333333333,5.71,1.8223404255319149,57000HPA247L0002,True
2026-06-14 20:11:00,2026-06-14 20:47:00,0.6,0.0,0.0,57000HPA247L0002,False
2026-06-15 20:56:00,2026-06-16 00:05:00,3.15,6.09,1.9333333333333333,57000HPA247L0002,True
2026-06-17 21:20:00,2026-06-18 03:14:00,5.9,14.6,2.4745762711864403,57000HPA247L0002,True
2026-06-19 19:27:00,2026-06-20 00:22:00,4.916666666666667,11.49,2.3369491525423727,57000HPA247L0002,True
2026-06-21 21:46:00,2026-06-22 01:31:00,3.75,7.9,2.106666666666667,57000HPA247L0002,True
2026-06-22 21:07:00,2026-06-23 00:15:00,3.1333333333333333,5.17,1.65,57000HPA247L0002,True
2026-06-24 20:01:00,2026-06-25 00:44:00,4.716666666666667,10.7,2.2685512367491163,57000HPA247L0002,True
2026-06-25 20:53:00,2026-06-25 23:58:00,3.0833333333333335,5.96,1.9329729729729728,57000HPA247L0002,True
2026-06-29 08:03:00,2026-06-29 08:21:00,0.3,0.75,2.5,57000HPA247L0002,True
2026-06-29 18:05:00,2026-06-30 00:04:00,5.983333333333333,14.64,2.446796657381616,57000HPA247L0002,True
2026-07-02 21:08:00,2026-07-03 03:05:00,5.95,14.74,2.477310924369748,57000HPA247L0002,True
2026-07-03 19:58:00,2026-07-04 00:29:00,4.516666666666667,10.22,2.262730627306273,57000HPA247L0002,True
2026-07-05 18:08:00,2026-07-05 22:47:00,4.65,10.77,2.3161290322580643,57000HPA247L0002,True
2026-07-07 21:05:00,2026-07-08 01:17:00,4.2,9.35,2.226190476190476,57000HPA247L0002,True
2026-07-08 22:12:00,2026-07-09 01:17:00,3.0833333333333335,5.4,1.7513513513513514,57000HPA247L0002,True
2026-07-12 15:48:00,2026-07-12 21:53:00,6.083333333333333,14.72,2.4197260273972603,57000HPA247L0002,True
2026-07-13 22:49:00,2026-07-14 02:01:00,3.2,6.4,2.0,57000HPA247L0002,True
2026-07-15 19:30:00,2026-07-15 23:57:00,4.45,9.96,2.2382022471910115,57000HPA247L0002,True
2026-07-18 09:26:00,2026-07-18 12:01:00,2.5833333333333335,7.61,2.945806451612903,57000HPA247L0002,True
2026-07-19 18:51:00,2026-07-20 00:42:00,5.85,14.3,2.4444444444444446,57000HPA247L0002,True
2026-07-20 17:43:00,2026-07-20 20:33:00,2.8333333333333335,4.41,1.556470588235294,57000HPA247L0002,True
2026-07-21 19:05:00,2026-07-21 23:16:00,4.183333333333334,9.06,2.1657370517928287,57000HPA247L0002,True
2026-07-23 02:06:00,2026-07-23 06:14:00,4.133333333333334,8.25,1.9959677419354838,57000HPA247L0002,True
2026-07-23 21:19:00,2026-07-24 00:13:00,2.9,4.91,1.6931034482758622,57000HPA247L0002,True
2026-07-28 17:13:00,2026-07-28 17:13:00,0.0,0.0,,57000HPA247L0002,False
2026-07-28 17:14:00,2026-07-29 00:29:00,7.25,15.52,2.1406896551724137,57000HPA247L0002,True
2026-07-29 23:41:00,2026-07-30 03:54:00,4.216666666666667,9.55,2.264822134387352,57000HPA247L0002,True
2026-07-31 21:12:00,2026-08-01 02:29:00,5.283333333333333,12.6,2.3848580441640377,57000HPA247L0002,True
2026-08-02 16:34:00,2026-08-02 20:06:00,3.533333333333333,6.03,1.7066037735849058,57000HPA247L0002,True
2026-08-03 21:09:00,2026-08-04 00:39:00,3.5,7.16,2.045714285714286,57000HPA247L0002,True
2026-08-05 21:10:00,2026-08-06 01:55:00,4.75,10.41,2.1915789473684213,57000HPA247L0002,True
2026-08-07 21:34:00,2026-08-08 01:33:00,3.9833333333333334,8.7,2.1841004184100417,57000HPA247L0002,True
2026-08-10 21:20:00,2026-08-11 01:41:00,4.35,9.78,2.2482758620689656,57000HPA247L0002,True
2026-08-11 21:20:00,2026-08-12 01:21:00,4.016666666666667,8.71,2.1684647302904567,57000HPA247L0002,True
2026-08-13 21:13:00,2026-08-14 01:35:00,4.366666666666666,9.78,2.23969465648855,57000HPA247L0002,True
2026-08-14 21:26:00,2026-08-15 00:18:00,2.8666666666666667,4.69,1.636046511627907,57000HPA247L0002,True
2026-08-15 13:14:00,2026-08-15 15:02:00,1.8,1.67,0.9277777777777777,57000HPA247L0002,True
2026-08-17 21:17:00,2026-08-18 01:03:00,3.7666666666666666,7.75,2.0575221238938055,57000HPA247L0002,True
2026-08-18 21:43:00,2026-08-19 01:17:00,3.566666666666667,5.58,1.564485981308411,57000HPA247L0002,True
2026-08-20 21:09:00,2026-08-21 03:28:00,6.316666666666666,12.77,2.021635883905013,57000HPA247L0002,True
2026-08-22 19:47:00,2026-08-22 23:17:00,3.5,7.08,2.0228571428571427,57000HPA247L0002,True
2026-08-24 21:13:00,2026-08-25 02:25:00,5.2,12.32,2.3692307692307693,57000HPA247L0002,True
2026-08-26 20:56:00,2026-08-27 00:59:00,4.05,8.8,2.17283950617284,57000HPA247L0002,True
2026-08-30 18:14:00,2026-08-30 22:30:00,4.266666666666667,9.45,2.21484375,57000HPA247L0002,True
2026-09-01 21:22:00,2026-09-02 01:55:00,4.55,10.3,2.263736263736264,57000HPA247L0002,True
2026-09-03 22:04:00,2026-09-04 02:21:00,4.283333333333333,9.53,2.2249027237354086,57000HPA247L0002,True
2026-09-04 22:18:00,2026-09-05 01:14:00,2.933333333333333,4.84,1.6500000000000001,57000HPA247L0002,True
2026-09-07 20:32:00,2026-09-08 02:23:00,5.85,14.48,2.4752136752136753,57000HPA247L0002,True
2026-09-09 12:26:00,2026-09-09 13:29:00,1.05,3.16,3.0095238095238095,57000HPA247L0002,True
2026-09-09 21:20:00,2026-09-10 02:59:00,5.65,13.78,2.438938053097345,57000HPA247L0002,True
2026-09-11 15:06:00,2026-09-11 15:32:00,0.43333333333333335,1.27,2.9307692307692306,57000HPA247L0002,True
2026-09-12 17:42:00,2026-09-12 20:28:00,2.7666666666666666,8.4,3.036144578313253,57000HPA247L0002,True
2026-09-13 09:04:00,2026-09-13 12:10:00,3.1,5.73,1.8483870967741935,57000HPA247L0002,True
2026-09-14 15:33:00,2026-09-14 15:33:00,0.0,0.01,,57000HPA247L0002,False
2026-09-14 20:47:00,2026-09-15 00:54:00,4.116666666666666,9.16,2.225101214574899,57000HPA247L0002,True
2026-09-15 20:43:00,2026-09-15 23:46:00,3.05,5.94,1.9475409836065576,57000HPA247L0002,True
2026-09-17 20:58:00,2026-09-18 01:27:00,4.483333333333333,10.32,2.3018587360594798,57000HPA247L0002,True
2026-09-20 20:29:00,2026-09-21 00:27:00,3.966666666666667,8.61,2.1705882352941175,57000HPA247L0002,True
2026-09-21 21:34:00,2026-09-22 00:49:00,3.25,6.02,1.8523076923076922,57000HPA247L0002,True
2026-09-22 03:37:00,2026-09-22 03:37:00,0.0,0.0,,57000HPA247L0002,False
2026-09-22 03:39:00,2026-09-22 04:00:00,0.35,0.0,0.0,57000HPA247L0002,False
2026-09-22 21:06:00,2026-09-22 23:47:00,2.683333333333333,4.62,1.7217391304347829,57000HPA247L0002,True
2026-09-24 18:09:00,2026-09-24 22:22:00,4.216666666666667,9.47,2.2458498023715414,57000HPA247L0002,True
2026-09-25 21:59:00,2026-09-26 01:26:00,3.45,7.17,2.0782608695652174,57000HPA247L0002,True
2026-09-27 21:38:00,2026-09-28 01:23:00,3.75,7.41,1.976,57000HPA247L0002,True
2026-09-28 20:51:00,2026-09-29 01:31:00,4.666666666666667,10.64,2.28,57000HPA247L0002,True
2026-09-29 21:02:00,2026-09-30 00:46:00,3.7333333333333334,5.91,1.5830357142857143,57000HPA247L0002,True
