session_id,user_id,user_name,unit,vehicle_model,battery_capacity_kwh,start_time,end_time,duration_minutes,energy_delivered_kwh,power_peak_kw,voltage_v,current_a,cost_rate_per_kwh,total_cost_brl,status
GW-202509172005,USR-004,Bruno Santos,Apto 102,BYD Seal,82.5,2025-09-17 20:05,2025-09-17 21:45,100,4.9,3.5,220.0,16.0,0.95,4.66,completed
GW-202509172145,USR-001,Aelton Menezes,Apto 42B,BYD Seal,82.5,2025-09-17 21:45,2025-09-18 02:05,260,9.7,3.5,220.0,16.0,0.95,9.21,completed
GW-202509182059,USR-002,Michelly Santos,Apto 15A,Volvo EX30,69.0,2025-09-18 20:59,2025-09-19 00:42,223,7.99,3.5,220.0,16.0,0.95,7.59,completed
GW-202509192147,USR-002,Michelly Santos,Apto 15A,Volvo EX30,69.0,2025-09-19 21:47,2025-09-20 01:27,220,7.79,3.5,220.0,16.0,0.95,7.4,completed
GW-202509211532,USR-004,Bruno Santos,Apto 102,BYD Seal,82.5,2025-09-21 15:32,2025-09-21 19:21,229,8.44,3.5,220.0,16.0,0.95,8.02,completed
GW-202509222154,USR-004,Bruno Santos,Apto 102,BYD Seal,82.5,2025-09-22 21:54,2025-09-23 02:26,272,9.67,3.5,220.0,16.0,0.95,9.19,completed
GW-202509231858,USR-005,Lab FIAP,Estacionamento L1,Mercedes-Benz EQE 350+,96.0,2025-09-23 18:58,2025-09-23 21:34,156,5.94,3.5,220.0,16.0,0.95,5.64,completed
GW-202509241807,USR-001,Aelton Menezes,Apto 42B,BYD Seal,82.5,2025-09-24 18:07,2025-09-24 22:22,255,11.04,3.5,220.0,16.0,0.95,10.49,completed
GW-202509251818,USR-003,Victor Mantovani,Apto 83C,Volvo EX30,69.0,2025-09-25 18:18,2025-09-25 20:41,143,7.11,3.5,220.0,16.0,0.95,6.75,completed
GW-202509252041,USR-001,Aelton Menezes,Apto 42B,BYD Seal,82.5,2025-09-25 20:41,2025-09-25 21:37,56,2.41,3.5,220.0,16.0,0.95,2.29,completed
GW-202509262100,USR-002,Michelly Santos,Apto 15A,Volvo EX30,69.0,2025-09-26 21:00,2025-09-27 00:01,181,5.72,3.5,220.0,16.0,0.95,5.43,completed
GW-202509271904,USR-003,Victor Mantovani,Apto 83C,Volvo EX30,69.0,2025-09-27 19:04,2025-09-27 20:13,69,3.5,3.5,220.0,16.0,0.95,3.32,completed
GW-202509280814,USR-001,Aelton Menezes,Apto 42B,BYD Seal,82.5,2025-09-28 08:14,2025-09-28 10:29,135,3.6,3.5,220.0,16.0,0.95,3.42,completed
GW-202509281645,USR-001,Aelton Menezes,Apto 42B,BYD Seal,82.5,2025-09-28 16:45,2025-09-28 18:41,116,5.72,3.5,220.0,16.0,0.95,5.43,completed
GW-202509281842,USR-004,Bruno Santos,Apto 102,BYD Seal,82.5,2025-09-28 18:42,2025-09-28 20:01,79,1.47,3.5,220.0,16.0,0.95,1.4,completed
GW-202509292037,USR-003,Victor Mantovani,Apto 83C,Volvo EX30,69.0,2025-09-29 20:37,2025-09-29 23:43,186,5.09,3.5,220.0,16.0,0.95,4.84,completed
GW-202509302115,USR-002,Michelly Santos,Apto 15A,Volvo EX30,69.0,2025-09-30 21:15,2025-10-01 00:40,205,5.56,3.5,220.0,16.0,0.95,5.28,completed
GW-202510012050,USR-003,Victor Mantovani,Apto 83C,Volvo EX30,69.0,2025-10-01 20:50,2025-10-01 23:42,172,4.82,3.5,220.0,16.0,0.95,4.58,completed
GW-202510022038,USR-005,Lab FIAP,Estacionamento L1,Mercedes-Benz EQE 350+,96.0,2025-10-02 20:38,2025-10-03 00:32,234,8.37,3.5,220.0,16.0,0.95,7.95,completed
GW-202510032038,USR-001,Aelton Menezes,Apto 42B,BYD Seal,82.5,2025-10-03 20:38,2025-10-03 23:53,195,4.92,3.5,220.0,16.0,0.95,4.67,completed
GW-202510041805,USR-005,Lab FIAP,Estacionamento L1,Mercedes-Benz EQE 350+,96.0,2025-10-04 18:05,2025-10-04 19:57,112,3.61,3.5,220.0,16.0,0.95,3.43,completed
GW-202510051249,USR-004,Bruno Santos,Apto 102,BYD Seal,82.5,2025-10-05 12:49,2025-10-05 17:24,275,7.64,3.5,220.0,16.0,0.95,7.26,completed
GW-202510062048,USR-002,Michelly Santos,Apto 15A,Volvo EX30,69.0,2025-10-06 20:48,2025-10-07 00:04,196,8.15,3.5,220.0,16.0,0.95,7.74,completed
GW-202510072056,USR-001,Aelton Menezes,Apto 42B,BYD Seal,82.5,2025-10-07 20:56,2025-10-08 00:01,185,9.25,3.5,220.0,16.0,0.95,8.79,completed
GW-202510082103,USR-005,Lab FIAP,Estacionamento L1,Mercedes-Benz EQE 350+,96.0,2025-10-08 21:03,2025-10-09 01:16,253,15.94,3.5,220.0,16.0,0.95,15.14,completed
GW-202510092046,USR-002,Michelly Santos,Apto 15A,Volvo EX30,69.0,2025-10-09 20:46,2025-10-09 23:56,190,5.48,3.5,220.0,16.0,0.95,5.21,completed
GW-202510102054,USR-001,Aelton Menezes,Apto 42B,BYD Seal,82.5,2025-10-10 20:54,2025-10-10 23:58,184,5.25,3.5,220.0,16.0,0.95,4.99,completed
GW-202510121923,USR-001,Aelton Menezes,Apto 42B,BYD Seal,82.5,2025-10-12 19:23,2025-10-12 21:26,123,4.57,3.5,220.0,16.0,0.95,4.34,completed
GW-202510132053,USR-005,Lab FIAP,Estacionamento L1,Mercedes-Benz EQE 350+,96.0,2025-10-13 20:53,2025-10-13 23:52,179,4.62,3.5,220.0,16.0,0.95,4.39,completed
GW-202510142049,USR-004,Bruno Santos,Apto 102,BYD Seal,82.5,2025-10-14 20:49,2025-10-14 23:53,184,4.62,3.5,220.0,16.0,0.95,4.39,completed
GW-202510152057,USR-005,Lab FIAP,Estacionamento L1,Mercedes-Benz EQE 350+,96.0,2025-10-15 20:57,2025-10-16 00:12,195,5.2,3.5,220.0,16.0,0.95,4.94,completed
GW-202510162124,USR-004,Bruno Santos,Apto 102,BYD Seal,82.5,2025-10-16 21:24,2025-10-17 00:33,189,4.8,3.5,220.0,16.0,0.95,4.56,completed
GW-202510202114,USR-003,Victor Mantovani,Apto 83C,Volvo EX30,69.0,2025-10-20 21:14,2025-10-21 02:02,288,10.93,3.5,220.0,16.0,0.95,10.38,completed
GW-202510212035,USR-005,Lab FIAP,Estacionamento L1,Mercedes-Benz EQE 350+,96.0,2025-10-21 20:35,2025-10-21 23:35,180,5.47,3.5,220.0,16.0,0.95,5.2,completed
GW-202510222037,USR-002,Michelly Santos,Apto 15A,Volvo EX30,69.0,2025-10-22 20:37,2025-10-22 23:32,175,5.48,3.5,220.0,16.0,0.95,5.21,completed
GW-202510232328,USR-003,Victor Mantovani,Apto 83C,Volvo EX30,69.0,2025-10-23 23:28,2025-10-24 03:12,224,7.74,3.5,220.0,16.0,0.95,7.35,completed
GW-202510242114,USR-005,Lab FIAP,Estacionamento L1,Mercedes-Benz EQE 350+,96.0,2025-10-24 21:14,2025-10-25 00:13,179,4.63,3.5,220.0,16.0,0.95,4.4,completed
GW-202510261719,USR-004,Bruno Santos,Apto 102,BYD Seal,82.5,2025-10-26 17:19,2025-10-26 19:34,135,5.42,3.5,220.0,16.0,0.95,5.15,completed
GW-202510272048,USR-005,Lab FIAP,Estacionamento L1,Mercedes-Benz EQE 350+,96.0,2025-10-27 20:48,2025-10-28 01:19,271,10.32,3.5,220.0,16.0,0.95,9.8,completed
GW-202510282236,USR-003,Victor Mantovani,Apto 83C,Volvo EX30,69.0,2025-10-28 22:36,2025-10-29 01:37,181,4.99,3.5,220.0,16.0,0.95,4.74,completed
GW-202510292057,USR-004,Bruno Santos,Apto 102,BYD Seal,82.5,2025-10-29 20:57,2025-10-30 01:14,257,9.69,3.5,220.0,16.0,0.95,9.21,completed
GW-202510302122,USR-001,Aelton Menezes,Apto 42B,BYD Seal,82.5,2025-10-30 21:22,2025-10-31 01:14,232,8.48,3.5,220.0,16.0,0.95,8.06,completed
GW-202510311959,USR-002,Michelly Santos,Apto 15A,Volvo EX30,69.0,2025-10-31 19:59,2025-10-31 22:55,176,5.46,3.5,220.0,16.0,0.95,5.19,completed
GW-202511021741,USR-002,Michelly Santos,Apto 15A,Volvo EX30,69.0,2025-11-02 17:41,2025-11-02 23:32,351,14.53,3.5,220.0,16.0,0.95,13.8,completed
GW-202511032046,USR-001,Aelton Menezes,Apto 42B,BYD Seal,82.5,2025-11-03 20:46,2025-11-04 00:28,222,7.96,3.5,220.0,16.0,0.95,7.56,completed
GW-202511042051,USR-002,Michelly Santos,Apto 15A,Volvo EX30,69.0,2025-11-04 20:51,2025-11-05 00:00,189,5.48,3.5,220.0,16.0,0.95,5.21,completed
GW-202511052154,USR-001,Aelton Menezes,Apto 42B,BYD Seal,82.5,2025-11-05 21:54,2025-11-06 02:02,248,9.33,3.5,220.0,16.0,0.95,8.86,completed
GW-202511062034,USR-002,Michelly Santos,Apto 15A,Volvo EX30,69.0,2025-11-06 20:34,2025-11-07 01:25,291,11.5,3.5,220.0,16.0,0.95,10.92,completed
GW-202511072214,USR-004,Bruno Santos,Apto 102,BYD Seal,82.5,2025-11-07 22:14,2025-11-08 02:11,237,8.82,3.5,220.0,16.0,0.95,8.38,completed
GW-202511081309,USR-002,Michelly Santos,Apto 15A,Volvo EX30,69.0,2025-11-08 13:09,2025-11-08 15:05,116,5.81,3.5,220.0,16.0,0.95,5.52,completed
GW-202511082037,USR-002,Michelly Santos,Apto 15A,Volvo EX30,69.0,2025-11-08 20:37,2025-11-08 23:40,183,6.12,3.5,220.0,16.0,0.95,5.81,completed
GW-202511091755,USR-002,Michelly Santos,Apto 15A,Volvo EX30,69.0,2025-11-09 17:55,2025-11-09 20:19,144,3.29,3.5,220.0,16.0,0.95,3.13,completed
GW-202511102050,USR-002,Michelly Santos,Apto 15A,Volvo EX30,69.0,2025-11-10 20:50,2025-11-10 23:38,168,5.18,3.5,220.0,16.0,0.95,4.92,completed
GW-202511122144,USR-005,Lab FIAP,Estacionamento L1,Mercedes-Benz EQE 350+,96.0,2025-11-12 21:44,2025-11-13 02:22,278,10.43,3.5,220.0,16.0,0.95,9.91,completed
GW-202511131700,USR-004,Bruno Santos,Apto 102,BYD Seal,82.5,2025-11-13 17:00,2025-11-13 19:10,130,6.55,3.5,220.0,16.0,0.95,6.22,completed
GW-202511140045,USR-004,Bruno Santos,Apto 102,BYD Seal,82.5,2025-11-14 00:45,2025-11-14 05:15,270,10.43,3.5,220.0,16.0,0.95,9.91,completed
GW-202511142044,USR-001,Aelton Menezes,Apto 42B,BYD Seal,82.5,2025-11-14 20:44,2025-11-14 23:38,174,4.9,3.5,220.0,16.0,0.95,4.66,completed
GW-202511161303,USR-004,Bruno Santos,Apto 102,BYD Seal,82.5,2025-11-16 13:03,2025-11-16 17:25,262,9.73,3.5,220.0,16.0,0.95,9.24,completed
GW-202511171912,USR-001,Aelton Menezes,Apto 42B,BYD Seal,82.5,2025-11-17 19:12,2025-11-17 22:11,179,7.75,3.5,220.0,16.0,0.95,7.36,completed
GW-202511181934,USR-002,Michelly Santos,Apto 15A,Volvo EX30,69.0,2025-11-18 19:34,2025-11-18 21:47,133,5.02,3.5,220.0,16.0,0.95,4.77,completed
GW-202511252149,USR-005,Lab FIAP,Estacionamento L1,Mercedes-Benz EQE 350+,96.0,2025-11-25 21:49,2025-11-26 00:57,188,6.14,3.5,220.0,16.0,0.95,5.83,completed
GW-202511262051,USR-004,Bruno Santos,Apto 102,BYD Seal,82.5,2025-11-26 20:51,2025-11-27 00:01,190,6.35,3.5,220.0,16.0,0.95,6.03,completed
GW-202511272212,USR-003,Victor Mantovani,Apto 83C,Volvo EX30,69.0,2025-11-27 22:12,2025-11-28 01:59,227,8.19,3.5,220.0,16.0,0.95,7.78,completed
GW-202511282103,USR-004,Bruno Santos,Apto 102,BYD Seal,82.5,2025-11-28 21:03,2025-11-29 00:08,185,4.92,3.5,220.0,16.0,0.95,4.67,completed
GW-202511301943,USR-005,Lab FIAP,Estacionamento L1,Mercedes-Benz EQE 350+,96.0,2025-11-30 19:43,2025-12-01 02:15,392,14.16,3.5,220.0,16.0,0.95,13.45,completed
GW-202512012038,USR-004,Bruno Santos,Apto 102,BYD Seal,82.5,2025-12-01 20:38,2025-12-02 00:37,239,7.22,3.5,220.0,16.0,0.95,6.86,completed
GW-202512022102,USR-002,Michelly Santos,Apto 15A,Volvo EX30,69.0,2025-12-02 21:02,2025-12-03 01:52,290,9.58,3.5,220.0,16.0,0.95,9.1,completed
GW-202512032242,USR-001,Aelton Menezes,Apto 42B,BYD Seal,82.5,2025-12-03 22:42,2025-12-04 02:31,229,6.6,3.5,220.0,16.0,0.95,6.27,completed
GW-202512042143,USR-002,Michelly Santos,Apto 15A,Volvo EX30,69.0,2025-12-04 21:43,2025-12-05 01:24,221,7.57,3.5,220.0,16.0,0.95,7.19,completed
GW-202512052104,USR-002,Michelly Santos,Apto 15A,Volvo EX30,69.0,2025-12-05 21:04,2025-12-06 00:13,189,5.14,3.5,220.0,16.0,0.95,4.88,completed
GW-202512071945,USR-002,Michelly Santos,Apto 15A,Volvo EX30,69.0,2025-12-07 19:45,2025-12-08 00:50,305,10.44,3.5,220.0,16.0,0.95,9.92,completed
GW-202512082119,USR-005,Lab FIAP,Estacionamento L1,Mercedes-Benz EQE 350+,96.0,2025-12-08 21:19,2025-12-09 01:54,275,8.93,3.5,220.0,16.0,0.95,8.48,completed
GW-202512091852,USR-005,Lab FIAP,Estacionamento L1,Mercedes-Benz EQE 350+,96.0,2025-12-09 18:52,2025-12-10 00:13,321,12.71,3.5,220.0,16.0,0.95,12.07,completed
GW-202512102056,USR-002,Michelly Santos,Apto 15A,Volvo EX30,69.0,2025-12-10 20:56,2025-12-11 02:35,339,11.78,3.5,220.0,16.0,0.95,11.19,completed
GW-202512112154,USR-004,Bruno Santos,Apto 102,BYD Seal,82.5,2025-12-11 21:54,2025-12-12 02:31,277,8.75,3.5,220.0,16.0,0.95,8.31,completed
GW-202512141258,USR-002,Michelly Santos,Apto 15A,Volvo EX30,69.0,2025-12-14 12:58,2025-12-14 13:15,17,0.82,3.5,220.0,16.0,0.95,0.78,completed
GW-202512141616,USR-005,Lab FIAP,Estacionamento L1,Mercedes-Benz EQE 350+,96.0,2025-12-14 16:16,2025-12-14 20:46,270,10.88,3.5,220.0,16.0,0.95,10.34,completed
GW-202512161942,USR-003,Victor Mantovani,Apto 83C,Volvo EX30,69.0,2025-12-16 19:42,2025-12-17 00:52,310,10.1,3.5,220.0,16.0,0.95,9.59,completed
GW-202512182020,USR-002,Michelly Santos,Apto 15A,Volvo EX30,69.0,2025-12-18 20:20,2025-12-19 01:33,313,12.67,3.5,220.0,16.0,0.95,12.04,completed
GW-202512212206,USR-002,Michelly Santos,Apto 15A,Volvo EX30,69.0,2025-12-21 22:06,2025-12-22 01:14,188,5.14,3.5,220.0,16.0,0.95,4.88,completed
GW-202512251725,USR-003,Victor Mantovani,Apto 83C,Volvo EX30,69.0,2025-12-25 17:25,2025-12-26 00:07,402,13.28,3.5,220.0,16.0,0.95,12.62,completed
GW-202601031703,USR-002,Michelly Santos,Apto 15A,Volvo EX30,69.0,2026-01-03 17:03,2026-01-04 00:47,464,16.15,3.5,220.0,16.0,0.95,15.34,completed
GW-202601202112,USR-003,Victor Mantovani,Apto 83C,Volvo EX30,69.0,2026-01-20 21:12,2026-01-21 02:03,291,11.51,3.5,220.0,16.0,0.95,10.93,completed
GW-202601212231,USR-005,Lab FIAP,Estacionamento L1,Mercedes-Benz EQE 350+,96.0,2026-01-21 22:31,2026-01-22 01:33,182,5.16,3.5,220.0,16.0,0.95,4.9,completed
GW-202601222227,USR-002,Michelly Santos,Apto 15A,Volvo EX30,69.0,2026-01-22 22:27,2026-01-23 02:24,237,8.71,3.5,220.0,16.0,0.95,8.27,completed
GW-202601232301,USR-002,Michelly Santos,Apto 15A,Volvo EX30,69.0,2026-01-23 23:01,2026-01-24 01:56,175,4.59,3.5,220.0,16.0,0.95,4.36,completed
GW-202601241933,USR-005,Lab FIAP,Estacionamento L1,Mercedes-Benz EQE 350+,96.0,2026-01-24 19:33,2026-01-24 20:49,76,3.85,3.5,220.0,16.0,0.95,3.66,completed
GW-202601251722,USR-003,Victor Mantovani,Apto 83C,Volvo EX30,69.0,2026-01-25 17:22,2026-01-25 21:27,245,8.31,3.5,220.0,16.0,0.95,7.89,completed
GW-202601272154,USR-001,Aelton Menezes,Apto 42B,BYD Seal,82.5,2026-01-27 21:54,2026-01-28 01:23,209,6.25,3.5,220.0,16.0,0.95,5.94,completed
GW-202601292114,USR-001,Aelton Menezes,Apto 42B,BYD Seal,82.5,2026-01-29 21:14,2026-01-30 01:28,254,9.51,3.5,220.0,16.0,0.95,9.03,completed
GW-202601311338,USR-001,Aelton Menezes,Apto 42B,BYD Seal,82.5,2026-01-31 13:38,2026-01-31 19:17,339,11.29,3.5,220.0,16.0,0.95,10.73,completed
GW-202602012029,USR-004,Bruno Santos,Apto 102,BYD Seal,82.5,2026-02-01 20:29,2026-02-01 23:24,175,4.56,3.5,220.0,16.0,0.95,4.33,completed
GW-202602022039,USR-004,Bruno Santos,Apto 102,BYD Seal,82.5,2026-02-02 20:39,2026-02-02 23:49,190,4.91,3.5,220.0,16.0,0.95,4.66,completed
GW-202602042106,USR-003,Victor Mantovani,Apto 83C,Volvo EX30,69.0,2026-02-04 21:06,2026-02-05 02:31,325,10.84,3.5,220.0,16.0,0.95,10.3,completed
GW-202602052045,USR-001,Aelton Menezes,Apto 42B,BYD Seal,82.5,2026-02-05 20:45,2026-02-06 03:10,385,13.97,3.5,220.0,16.0,0.95,13.27,completed
GW-202602062051,USR-002,Michelly Santos,Apto 15A,Volvo EX30,69.0,2026-02-06 20:51,2026-02-07 00:11,200,5.28,3.5,220.0,16.0,0.95,5.02,completed
GW-202602081215,USR-005,Lab FIAP,Estacionamento L1,Mercedes-Benz EQE 350+,96.0,2026-02-08 12:15,2026-02-08 15:37,202,5.77,3.5,220.0,16.0,0.95,5.48,completed
GW-202602092056,USR-003,Victor Mantovani,Apto 83C,Volvo EX30,69.0,2026-02-09 20:56,2026-02-10 00:16,200,5.67,3.5,220.0,16.0,0.95,5.39,completed
GW-202602102103,USR-005,Lab FIAP,Estacionamento L1,Mercedes-Benz EQE 350+,96.0,2026-02-10 21:03,2026-02-11 00:15,192,5.13,3.5,220.0,16.0,0.95,4.87,completed
GW-202602112128,USR-005,Lab FIAP,Estacionamento L1,Mercedes-Benz EQE 350+,96.0,2026-02-11 21:28,2026-02-12 02:54,326,10.76,3.5,220.0,16.0,0.95,10.22,completed
GW-202602122049,USR-001,Aelton Menezes,Apto 42B,BYD Seal,82.5,2026-02-12 20:49,2026-02-12 23:55,186,4.63,3.5,220.0,16.0,0.95,4.4,completed
GW-202602132056,USR-004,Bruno Santos,Apto 102,BYD Seal,82.5,2026-02-13 20:56,2026-02-14 02:58,362,12.1,3.5,220.0,16.0,0.95,11.49,completed
GW-202602232157,USR-004,Bruno Santos,Apto 102,BYD Seal,82.5,2026-02-23 21:57,2026-02-24 01:08,191,5.07,3.5,220.0,16.0,0.95,4.82,completed
GW-202602252037,USR-003,Victor Mantovani,Apto 83C,Volvo EX30,69.0,2026-02-25 20:37,2026-02-26 01:16,279,10.73,3.5,220.0,16.0,0.95,10.19,completed
GW-202602261749,USR-002,Michelly Santos,Apto 15A,Volvo EX30,69.0,2026-02-26 17:49,2026-02-26 21:18,209,7.23,3.5,220.0,16.0,0.95,6.87,completed
GW-202602272235,USR-004,Bruno Santos,Apto 102,BYD Seal,82.5,2026-02-27 22:35,2026-02-28 01:21,166,4.39,3.5,220.0,16.0,0.95,4.17,completed
GW-202603031800,USR-001,Aelton Menezes,Apto 42B,BYD Seal,82.5,2026-03-03 18:00,2026-03-03 23:27,327,12.88,3.5,220.0,16.0,0.95,12.24,completed
GW-202603042121,USR-003,Victor Mantovani,Apto 83C,Volvo EX30,69.0,2026-03-04 21:21,2026-03-05 00:22,181,4.78,3.5,220.0,16.0,0.95,4.54,completed
GW-202603052056,USR-003,Victor Mantovani,Apto 83C,Volvo EX30,69.0,2026-03-05 20:56,2026-03-06 00:10,194,5.21,3.5,220.0,16.0,0.95,4.95,completed
GW-202603062142,USR-005,Lab FIAP,Estacionamento L1,Mercedes-Benz EQE 350+,96.0,2026-03-06 21:42,2026-03-07 01:27,225,5.79,3.5,220.0,16.0,0.95,5.5,completed
GW-202603081741,USR-005,Lab FIAP,Estacionamento L1,Mercedes-Benz EQE 350+,96.0,2026-03-08 17:41,2026-03-09 00:46,425,15.51,3.5,220.0,16.0,0.95,14.73,completed
GW-202603092234,USR-002,Michelly Santos,Apto 15A,Volvo EX30,69.0,2026-03-09 22:34,2026-03-10 01:28,174,4.74,3.5,220.0,16.0,0.95,4.5,completed
GW-202603102055,USR-003,Victor Mantovani,Apto 83C,Volvo EX30,69.0,2026-03-10 20:55,2026-03-10 23:47,172,5.17,3.5,220.0,16.0,0.95,4.91,completed
GW-202603112053,USR-001,Aelton Menezes,Apto 42B,BYD Seal,82.5,2026-03-11 20:53,2026-03-11 23:51,178,4.7,3.5,220.0,16.0,0.95,4.46,completed
GW-202603132224,USR-005,Lab FIAP,Estacionamento L1,Mercedes-Benz EQE 350+,96.0,2026-03-13 22:24,2026-03-14 02:48,264,9.99,3.5,220.0,16.0,0.95,9.49,completed
GW-202603142313,USR-005,Lab FIAP,Estacionamento L1,Mercedes-Benz EQE 350+,96.0,2026-03-14 23:13,2026-03-15 03:06,233,7.82,3.5,220.0,16.0,0.95,7.43,completed
GW-202603151824,USR-002,Michelly Santos,Apto 15A,Volvo EX30,69.0,2026-03-15 18:24,2026-03-16 00:11,347,11.68,3.5,220.0,16.0,0.95,11.1,completed
GW-202603162205,USR-004,Bruno Santos,Apto 102,BYD Seal,82.5,2026-03-16 22:05,2026-03-17 00:59,174,4.31,3.5,220.0,16.0,0.95,4.09,completed
GW-202603181955,USR-004,Bruno Santos,Apto 102,BYD Seal,82.5,2026-03-18 19:55,2026-03-19 00:39,284,9.07,3.5,220.0,16.0,0.95,8.62,completed
GW-202603192110,USR-001,Aelton Menezes,Apto 42B,BYD Seal,82.5,2026-03-19 21:10,2026-03-20 00:14,184,4.73,3.5,220.0,16.0,0.95,4.49,completed
GW-202603202117,USR-004,Bruno Santos,Apto 102,BYD Seal,82.5,2026-03-20 21:17,2026-03-21 01:31,254,7.36,3.5,220.0,16.0,0.95,6.99,completed
GW-202603211728,USR-003,Victor Mantovani,Apto 83C,Volvo EX30,69.0,2026-03-21 17:28,2026-03-21 17:59,31,1.55,3.5,220.0,16.0,0.95,1.47,completed
GW-202603220125,USR-004,Bruno Santos,Apto 102,BYD Seal,82.5,2026-03-22 01:25,2026-03-22 06:51,326,12.5,3.5,220.0,16.0,0.95,11.88,completed
GW-202603221926,USR-003,Victor Mantovani,Apto 83C,Volvo EX30,69.0,2026-03-22 19:26,2026-03-22 23:07,221,5.35,3.5,220.0,16.0,0.95,5.08,completed
GW-202603232111,USR-001,Aelton Menezes,Apto 42B,BYD Seal,82.5,2026-03-23 21:11,2026-03-24 00:58,227,5.83,3.5,220.0,16.0,0.95,5.54,completed
GW-202603242201,USR-002,Michelly Santos,Apto 15A,Volvo EX30,69.0,2026-03-24 22:01,2026-03-25 01:51,230,5.76,3.5,220.0,16.0,0.95,5.47,completed
GW-202603252151,USR-001,Aelton Menezes,Apto 42B,BYD Seal,82.5,2026-03-25 21:51,2026-03-26 01:10,199,4.95,3.5,220.0,16.0,0.95,4.7,completed
GW-202603262107,USR-005,Lab FIAP,Estacionamento L1,Mercedes-Benz EQE 350+,96.0,2026-03-26 21:07,2026-03-27 00:27,200,5.15,3.5,220.0,16.0,0.95,4.89,completed
GW-202603272103,USR-005,Lab FIAP,Estacionamento L1,Mercedes-Benz EQE 350+,96.0,2026-03-27 21:03,2026-03-28 00:15,192,4.69,3.5,220.0,16.0,0.95,4.46,completed
GW-202603302157,USR-005,Lab FIAP,Estacionamento L1,Mercedes-Benz EQE 350+,96.0,2026-03-30 21:57,2026-03-31 02:29,272,8.17,3.5,220.0,16.0,0.95,7.76,completed
GW-202603312131,USR-002,Michelly Santos,Apto 15A,Volvo EX30,69.0,2026-03-31 21:31,2026-04-01 02:04,273,10.09,3.5,220.0,16.0,0.95,9.59,completed
GW-202604012102,USR-001,Aelton Menezes,Apto 42B,BYD Seal,82.5,2026-04-01 21:02,2026-04-02 00:19,197,5.12,3.5,220.0,16.0,0.95,4.86,completed
GW-202604021404,USR-005,Lab FIAP,Estacionamento L1,Mercedes-Benz EQE 350+,96.0,2026-04-02 14:04,2026-04-02 14:24,20,1.01,3.5,220.0,16.0,0.95,0.96,completed
GW-202604051756,USR-005,Lab FIAP,Estacionamento L1,Mercedes-Benz EQE 350+,96.0,2026-04-05 17:56,2026-04-06 01:11,435,15.09,3.5,220.0,16.0,0.95,14.34,completed
GW-202604062024,USR-001,Aelton Menezes,Apto 42B,BYD Seal,82.5,2026-04-06 20:24,2026-04-07 01:28,304,9.4,3.5,220.0,16.0,0.95,8.93,completed
GW-202604072150,USR-003,Victor Mantovani,Apto 83C,Volvo EX30,69.0,2026-04-07 21:50,2026-04-08 02:07,257,7.44,3.5,220.0,16.0,0.95,7.07,completed
GW-202604082054,USR-001,Aelton Menezes,Apto 42B,BYD Seal,82.5,2026-04-08 20:54,2026-04-09 02:25,331,10.0,3.5,220.0,16.0,0.95,9.5,completed
GW-202604092343,USR-004,Bruno Santos,Apto 102,BYD Seal,82.5,2026-04-09 23:43,2026-04-10 03:22,219,6.9,3.5,220.0,16.0,0.95,6.55,completed
GW-202604102054,USR-004,Bruno Santos,Apto 102,BYD Seal,82.5,2026-04-10 20:54,2026-04-10 23:53,179,4.62,3.5,220.0,16.0,0.95,4.39,completed
GW-202604121935,USR-001,Aelton Menezes,Apto 42B,BYD Seal,82.5,2026-04-12 19:35,2026-04-12 22:24,169,4.1,3.5,220.0,16.0,0.95,3.89,completed
GW-202604132208,USR-003,Victor Mantovani,Apto 83C,Volvo EX30,69.0,2026-04-13 22:08,2026-04-14 02:05,237,8.39,3.5,220.0,16.0,0.95,7.97,completed
GW-202604152144,USR-003,Victor Mantovani,Apto 83C,Volvo EX30,69.0,2026-04-15 21:44,2026-04-16 01:47,243,8.53,3.5,220.0,16.0,0.95,8.1,completed
GW-202604162122,USR-002,Michelly Santos,Apto 15A,Volvo EX30,69.0,2026-04-16 21:22,2026-04-17 00:41,199,5.29,3.5,220.0,16.0,0.95,5.03,completed
GW-202604191005,USR-005,Lab FIAP,Estacionamento L1,Mercedes-Benz EQE 350+,96.0,2026-04-19 10:05,2026-04-19 14:54,289,9.84,3.5,220.0,16.0,0.95,9.35,completed
GW-202604211903,USR-003,Victor Mantovani,Apto 83C,Volvo EX30,69.0,2026-04-21 19:03,2026-04-21 23:23,260,9.52,3.5,220.0,16.0,0.95,9.04,completed
GW-202604222100,USR-002,Michelly Santos,Apto 15A,Volvo EX30,69.0,2026-04-22 21:00,2026-04-23 00:26,206,4.89,3.5,220.0,16.0,0.95,4.65,completed
GW-202604232143,USR-003,Victor Mantovani,Apto 83C,Volvo EX30,69.0,2026-04-23 21:43,2026-04-24 01:23,220,6.11,3.5,220.0,16.0,0.95,5.8,completed
GW-202604262001,USR-004,Bruno Santos,Apto 102,BYD Seal,82.5,2026-04-26 20:01,2026-04-27 03:31,450,15.52,3.5,220.0,16.0,0.95,14.74,completed
GW-202604272103,USR-002,Michelly Santos,Apto 15A,Volvo EX30,69.0,2026-04-27 21:03,2026-04-28 00:31,208,5.23,3.5,220.0,16.0,0.95,4.97,completed
GW-202604282123,USR-002,Michelly Santos,Apto 15A,Volvo EX30,69.0,2026-04-28 21:23,2026-04-29 01:33,250,7.01,3.5,220.0,16.0,0.95,6.66,completed
GW-202604302056,USR-005,Lab FIAP,Estacionamento L1,Mercedes-Benz EQE 350+,96.0,2026-04-30 20:56,2026-05-01 01:12,256,9.51,3.5,220.0,16.0,0.95,9.03,completed
GW-202605011001,USR-004,Bruno Santos,Apto 102,BYD Seal,82.5,2026-05-01 10:01,2026-05-01 10:39,38,1.91,3.5,220.0,16.0,0.95,1.81,completed
GW-202605031724,USR-003,Victor Mantovani,Apto 83C,Volvo EX30,69.0,2026-05-03 17:24,2026-05-03 23:29,365,14.65,3.5,220.0,16.0,0.95,13.92,completed
GW-202605042140,USR-003,Victor Mantovani,Apto 83C,Volvo EX30,69.0,2026-05-04 21:40,2026-05-05 00:50,190,5.25,3.5,220.0,16.0,0.95,4.99,completed
GW-202605052039,USR-001,Aelton Menezes,Apto 42B,BYD Seal,82.5,2026-05-05 20:39,2026-05-06 00:10,211,5.94,3.5,220.0,16.0,0.95,5.64,completed
GW-202605062128,USR-002,Michelly Santos,Apto 15A,Volvo EX30,69.0,2026-05-06 21:28,2026-05-07 01:00,212,5.66,3.5,220.0,16.0,0.95,5.38,completed
GW-202605082121,USR-002,Michelly Santos,Apto 15A,Volvo EX30,69.0,2026-05-08 21:21,2026-05-09 04:03,402,14.35,3.5,220.0,16.0,0.95,13.63,completed
GW-202605101646,USR-003,Victor Mantovani,Apto 83C,Volvo EX30,69.0,2026-05-10 16:46,2026-05-10 21:20,274,10.98,3.5,220.0,16.0,0.95,10.43,completed
GW-202605122044,USR-002,Michelly Santos,Apto 15A,Volvo EX30,69.0,2026-05-12 20:44,2026-05-13 00:51,247,9.12,3.5,220.0,16.0,0.95,8.66,completed
GW-202605132113,USR-002,Michelly Santos,Apto 15A,Volvo EX30,69.0,2026-05-13 21:13,2026-05-14 00:49,216,7.53,3.5,220.0,16.0,0.95,7.15,completed
GW-202605160837,USR-001,Aelton Menezes,Apto 42B,BYD Seal,82.5,2026-05-16 08:37,2026-05-16 09:33,56,2.69,3.5,220.0,16.0,0.95,2.56,completed
GW-202605161218,USR-004,Bruno Santos,Apto 102,BYD Seal,82.5,2026-05-16 12:18,2026-05-16 16:19,241,10.17,3.5,220.0,16.0,0.95,9.66,completed
GW-202605171951,USR-002,Michelly Santos,Apto 15A,Volvo EX30,69.0,2026-05-17 19:51,2026-05-17 23:02,191,5.62,3.5,220.0,16.0,0.95,5.34,completed
GW-202605182102,USR-005,Lab FIAP,Estacionamento L1,Mercedes-Benz EQE 350+,96.0,2026-05-18 21:02,2026-05-19 00:03,181,5.36,3.5,220.0,16.0,0.95,5.09,completed
GW-202605201948,USR-005,Lab FIAP,Estacionamento L1,Mercedes-Benz EQE 350+,96.0,2026-05-20 19:48,2026-05-21 01:46,358,14.57,3.5,220.0,16.0,0.95,13.84,completed
GW-202605212110,USR-001,Aelton Menezes,Apto 42B,BYD Seal,82.5,2026-05-21 21:10,2026-05-22 00:28,198,6.25,3.5,220.0,16.0,0.95,5.94,completed
GW-202605222059,USR-002,Michelly Santos,Apto 15A,Volvo EX30,69.0,2026-05-22 20:59,2026-05-22 23:53,174,4.97,3.5,220.0,16.0,0.95,4.72,completed
GW-202605241727,USR-004,Bruno Santos,Apto 102,BYD Seal,82.5,2026-05-24 17:27,2026-05-24 23:17,350,14.38,3.5,220.0,16.0,0.95,13.66,completed
GW-202605252036,USR-002,Michelly Santos,Apto 15A,Volvo EX30,69.0,2026-05-25 20:36,2026-05-25 23:30,174,4.97,3.5,220.0,16.0,0.95,4.72,completed
GW-202605272055,USR-001,Aelton Menezes,Apto 42B,BYD Seal,82.5,2026-05-27 20:55,2026-05-28 00:41,226,8.12,3.5,220.0,16.0,0.95,7.71,completed
GW-202605311910,USR-005,Lab FIAP,Estacionamento L1,Mercedes-Benz EQE 350+,96.0,2026-05-31 19:10,2026-06-01 00:59,349,14.29,3.5,220.0,16.0,0.95,13.58,completed
GW-202606012148,USR-003,Victor Mantovani,Apto 83C,Volvo EX30,69.0,2026-06-01 21:48,2026-06-02 00:49,181,5.6,3.5,220.0,16.0,0.95,5.32,completed
GW-202606032105,USR-003,Victor Mantovani,Apto 83C,Volvo EX30,69.0,2026-06-03 21:05,2026-06-04 00:32,207,7.11,3.5,220.0,16.0,0.95,6.75,completed
GW-202606051027,USR-004,Bruno Santos,Apto 102,BYD Seal,82.5,2026-06-05 10:27,2026-06-05 13:11,164,4.57,3.5,220.0,16.0,0.95,4.34,completed
GW-202606071647,USR-005,Lab FIAP,Estacionamento L1,Mercedes-Benz EQE 350+,96.0,2026-06-07 16:47,2026-06-07 21:15,268,9.61,3.5,220.0,16.0,0.95,9.13,completed
GW-202606092100,USR-001,Aelton Menezes,Apto 42B,BYD Seal,82.5,2026-06-09 21:00,2026-06-10 01:48,288,11.24,3.5,220.0,16.0,0.95,10.68,completed
GW-202606102123,USR-001,Aelton Menezes,Apto 42B,BYD Seal,82.5,2026-06-10 21:23,2026-06-10 22:33,70,3.53,3.5,220.0,16.0,0.95,3.35,completed
GW-202606102237,USR-003,Victor Mantovani,Apto 83C,Volvo EX30,69.0,2026-06-10 22:37,2026-06-11 00:31,114,2.34,3.5,220.0,16.0,0.95,2.22,completed
GW-202606122133,USR-003,Victor Mantovani,Apto 83C,Volvo EX30,69.0,2026-06-12 21:33,2026-06-13 02:13,280,10.75,3.5,220.0,16.0,0.95,10.21,completed
GW-202606132312,USR-003,Victor Mantovani,Apto 83C,Volvo EX30,69.0,2026-06-13 23:12,2026-06-14 02:20,188,5.71,3.5,220.0,16.0,0.95,5.42,completed
GW-202606152056,USR-004,Bruno Santos,Apto 102,BYD Seal,82.5,2026-06-15 20:56,2026-06-16 00:05,189,6.09,3.5,220.0,16.0,0.95,5.79,completed
GW-202606172120,USR-004,Bruno Santos,Apto 102,BYD Seal,82.5,2026-06-17 21:20,2026-06-18 03:14,354,14.6,3.5,220.0,16.0,0.95,13.87,completed
GW-202606191927,USR-005,Lab FIAP,Estacionamento L1,Mercedes-Benz EQE 350+,96.0,2026-06-19 19:27,2026-06-20 00:22,295,11.49,3.5,220.0,16.0,0.95,10.92,completed
GW-202606212146,USR-001,Aelton Menezes,Apto 42B,BYD Seal,82.5,2026-06-21 21:46,2026-06-22 01:31,225,7.9,3.5,220.0,16.0,0.95,7.5,completed
GW-202606222107,USR-003,Victor Mantovani,Apto 83C,Volvo EX30,69.0,2026-06-22 21:07,2026-06-23 00:15,188,5.17,3.5,220.0,16.0,0.95,4.91,completed
GW-202606242001,USR-002,Michelly Santos,Apto 15A,Volvo EX30,69.0,2026-06-24 20:01,2026-06-25 00:44,283,10.7,3.5,220.0,16.0,0.95,10.16,completed
GW-202606252053,USR-005,Lab FIAP,Estacionamento L1,Mercedes-Benz EQE 350+,96.0,2026-06-25 20:53,2026-06-25 23:58,185,5.96,3.5,220.0,16.0,0.95,5.66,completed
GW-202606290803,USR-002,Michelly Santos,Apto 15A,Volvo EX30,69.0,2026-06-29 08:03,2026-06-29 08:21,18,0.75,3.5,220.0,16.0,0.95,0.71,completed
GW-202606291805,USR-001,Aelton Menezes,Apto 42B,BYD Seal,82.5,2026-06-29 18:05,2026-06-30 00:04,359,14.64,3.5,220.0,16.0,0.95,13.91,completed
GW-202607022108,USR-003,Victor Mantovani,Apto 83C,Volvo EX30,69.0,2026-07-02 21:08,2026-07-03 03:05,357,14.74,3.5,220.0,16.0,0.95,14.0,completed
GW-202607031958,USR-003,Victor Mantovani,Apto 83C,Volvo EX30,69.0,2026-07-03 19:58,2026-07-04 00:29,271,10.22,3.5,220.0,16.0,0.95,9.71,completed
GW-202607051808,USR-002,Michelly Santos,Apto 15A,Volvo EX30,69.0,2026-07-05 18:08,2026-07-05 22:47,279,10.77,3.5,220.0,16.0,0.95,10.23,completed
GW-202607072105,USR-002,Michelly Santos,Apto 15A,Volvo EX30,69.0,2026-07-07 21:05,2026-07-08 01:17,252,9.35,3.5,220.0,16.0,0.95,8.88,completed
GW-202607082212,USR-005,Lab FIAP,Estacionamento L1,Mercedes-Benz EQE 350+,96.0,2026-07-08 22:12,2026-07-09 01:17,185,5.4,3.5,220.0,16.0,0.95,5.13,completed
GW-202607121548,USR-003,Victor Mantovani,Apto 83C,Volvo EX30,69.0,2026-07-12 15:48,2026-07-12 21:53,365,14.72,3.5,220.0,16.0,0.95,13.98,completed
GW-202607132249,USR-005,Lab FIAP,Estacionamento L1,Mercedes-Benz EQE 350+,96.0,2026-07-13 22:49,2026-07-14 02:01,192,6.4,3.5,220.0,16.0,0.95,6.08,completed
GW-202607151930,USR-003,Victor Mantovani,Apto 83C,Volvo EX30,69.0,2026-07-15 19:30,2026-07-15 23:57,267,9.96,3.5,220.0,16.0,0.95,9.46,completed
GW-202607180926,USR-001,Aelton Menezes,Apto 42B,BYD Seal,82.5,2026-07-18 09:26,2026-07-18 12:01,155,7.61,3.5,220.0,16.0,0.95,7.23,completed
GW-202607191851,USR-005,Lab FIAP,Estacionamento L1,Mercedes-Benz EQE 350+,96.0,2026-07-19 18:51,2026-07-20 00:42,351,14.3,3.5,220.0,16.0,0.95,13.59,completed
GW-202607201743,USR-005,Lab FIAP,Estacionamento L1,Mercedes-Benz EQE 350+,96.0,2026-07-20 17:43,2026-07-20 20:33,170,4.41,3.5,220.0,16.0,0.95,4.19,completed
GW-202607211905,USR-005,Lab FIAP,Estacionamento L1,Mercedes-Benz EQE 350+,96.0,2026-07-21 19:05,2026-07-21 23:16,251,9.06,3.5,220.0,16.0,0.95,8.61,completed
GW-202607230206,USR-005,Lab FIAP,Estacionamento L1,Mercedes-Benz EQE 350+,96.0,2026-07-23 02:06,2026-07-23 06:14,248,8.25,3.5,220.0,16.0,0.95,7.84,completed
GW-202607232119,USR-005,Lab FIAP,Estacionamento L1,Mercedes-Benz EQE 350+,96.0,2026-07-23 21:19,2026-07-24 00:13,174,4.91,3.5,220.0,16.0,0.95,4.66,completed
GW-202607281714,USR-001,Aelton Menezes,Apto 42B,BYD Seal,82.5,2026-07-28 17:14,2026-07-29 00:29,435,15.52,3.5,220.0,16.0,0.95,14.74,completed
GW-202607292341,USR-003,Victor Mantovani,Apto 83C,Volvo EX30,69.0,2026-07-29 23:41,2026-07-30 03:54,253,9.55,3.5,220.0,16.0,0.95,9.07,completed
GW-202607312112,USR-002,Michelly Santos,Apto 15A,Volvo EX30,69.0,2026-07-31 21:12,2026-08-01 02:29,317,12.6,3.5,220.0,16.0,0.95,11.97,completed
GW-202608021634,USR-003,Victor Mantovani,Apto 83C,Volvo EX30,69.0,2026-08-02 16:34,2026-08-02 20:06,212,6.03,3.5,220.0,16.0,0.95,5.73,completed
GW-202608032109,USR-001,Aelton Menezes,Apto 42B,BYD Seal,82.5,2026-08-03 21:09,2026-08-04 00:39,210,7.16,3.5,220.0,16.0,0.95,6.8,completed
GW-202608052110,USR-002,Michelly Santos,Apto 15A,Volvo EX30,69.0,2026-08-05 21:10,2026-08-06 01:55,285,10.41,3.5,220.0,16.0,0.95,9.89,completed
GW-202608072134,USR-005,Lab FIAP,Estacionamento L1,Mercedes-Benz EQE 350+,96.0,2026-08-07 21:34,2026-08-08 01:33,239,8.7,3.5,220.0,16.0,0.95,8.26,completed
GW-202608102120,USR-002,Michelly Santos,Apto 15A,Volvo EX30,69.0,2026-08-10 21:20,2026-08-11 01:41,261,9.78,3.5,220.0,16.0,0.95,9.29,completed
GW-202608112120,USR-004,Bruno Santos,Apto 102,BYD Seal,82.5,2026-08-11 21:20,2026-08-12 01:21,241,8.71,3.5,220.0,16.0,0.95,8.27,completed
GW-202608132113,USR-003,Victor Mantovani,Apto 83C,Volvo EX30,69.0,2026-08-13 21:13,2026-08-14 01:35,262,9.78,3.5,220.0,16.0,0.95,9.29,completed
GW-202608142126,USR-003,Victor Mantovani,Apto 83C,Volvo EX30,69.0,2026-08-14 21:26,2026-08-15 00:18,172,4.69,3.5,220.0,16.0,0.95,4.46,completed
GW-202608151314,USR-005,Lab FIAP,Estacionamento L1,Mercedes-Benz EQE 350+,96.0,2026-08-15 13:14,2026-08-15 15:02,108,1.67,3.5,220.0,16.0,0.95,1.59,completed
GW-202608172117,USR-005,Lab FIAP,Estacionamento L1,Mercedes-Benz EQE 350+,96.0,2026-08-17 21:17,2026-08-18 01:03,226,7.75,3.5,220.0,16.0,0.95,7.36,completed
GW-202608182143,USR-003,Victor Mantovani,Apto 83C,Volvo EX30,69.0,2026-08-18 21:43,2026-08-19 01:17,214,5.58,3.5,220.0,16.0,0.95,5.3,completed
GW-202608202109,USR-004,Bruno Santos,Apto 102,BYD Seal,82.5,2026-08-20 21:09,2026-08-21 03:28,379,12.77,3.5,220.0,16.0,0.95,12.13,completed
GW-202608221947,USR-001,Aelton Menezes,Apto 42B,BYD Seal,82.5,2026-08-22 19:47,2026-08-22 23:17,210,7.08,3.5,220.0,16.0,0.95,6.73,completed
GW-202608242113,USR-002,Michelly Santos,Apto 15A,Volvo EX30,69.0,2026-08-24 21:13,2026-08-25 02:25,312,12.32,3.5,220.0,16.0,0.95,11.7,completed
GW-202608262056,USR-005,Lab FIAP,Estacionamento L1,Mercedes-Benz EQE 350+,96.0,2026-08-26 20:56,2026-08-27 00:59,243,8.8,3.5,220.0,16.0,0.95,8.36,completed
GW-202608301814,USR-003,Victor Mantovani,Apto 83C,Volvo EX30,69.0,2026-08-30 18:14,2026-08-30 22:30,256,9.45,3.5,220.0,16.0,0.95,8.98,completed
GW-202609012122,USR-003,Victor Mantovani,Apto 83C,Volvo EX30,69.0,2026-09-01 21:22,2026-09-02 01:55,273,10.3,3.5,220.0,16.0,0.95,9.79,completed
GW-202609032204,USR-004,Bruno Santos,Apto 102,BYD Seal,82.5,2026-09-03 22:04,2026-09-04 02:21,257,9.53,3.5,220.0,16.0,0.95,9.05,completed
GW-202609042218,USR-001,Aelton Menezes,Apto 42B,BYD Seal,82.5,2026-09-04 22:18,2026-09-05 01:14,176,4.84,3.5,220.0,16.0,0.95,4.6,completed
GW-202609072032,USR-003,Victor Mantovani,Apto 83C,Volvo EX30,69.0,2026-09-07 20:32,2026-09-08 02:23,351,14.48,3.5,220.0,16.0,0.95,13.76,completed
GW-202609091226,USR-003,Victor Mantovani,Apto 83C,Volvo EX30,69.0,2026-09-09 12:26,2026-09-09 13:29,63,3.16,3.5,220.0,16.0,0.95,3.0,completed
GW-202609092120,USR-005,Lab FIAP,Estacionamento L1,Mercedes-Benz EQE 350+,96.0,2026-09-09 21:20,2026-09-10 02:59,339,13.78,3.5,220.0,16.0,0.95,13.09,completed
GW-202609111506,USR-001,Aelton Menezes,Apto 42B,BYD Seal,82.5,2026-09-11 15:06,2026-09-11 15:32,26,1.27,3.5,220.0,16.0,0.95,1.21,completed
GW-202609121742,USR-005,Lab FIAP,Estacionamento L1,Mercedes-Benz EQE 350+,96.0,2026-09-12 17:42,2026-09-12 20:28,166,8.4,3.5,220.0,16.0,0.95,7.98,completed
GW-202609130904,USR-001,Aelton Menezes,Apto 42B,BYD Seal,82.5,2026-09-13 09:04,2026-09-13 12:10,186,5.73,3.5,220.0,16.0,0.95,5.44,completed
GW-202609142047,USR-001,Aelton Menezes,Apto 42B,BYD Seal,82.5,2026-09-14 20:47,2026-09-15 00:54,247,9.16,3.5,220.0,16.0,0.95,8.7,completed
GW-202609152043,USR-003,Victor Mantovani,Apto 83C,Volvo EX30,69.0,2026-09-15 20:43,2026-09-15 23:46,183,5.94,3.5,220.0,16.0,0.95,5.64,completed
GW-202609172058,USR-004,Bruno Santos,Apto 102,BYD Seal,82.5,2026-09-17 20:58,2026-09-18 01:27,269,10.32,3.5,220.0,16.0,0.95,9.8,completed
GW-202609202029,USR-002,Michelly Santos,Apto 15A,Volvo EX30,69.0,2026-09-20 20:29,2026-09-21 00:27,238,8.61,3.5,220.0,16.0,0.95,8.18,completed
GW-202609212134,USR-001,Aelton Menezes,Apto 42B,BYD Seal,82.5,2026-09-21 21:34,2026-09-22 00:49,195,6.02,3.5,220.0,16.0,0.95,5.72,completed
GW-202609222106,USR-005,Lab FIAP,Estacionamento L1,Mercedes-Benz EQE 350+,96.0,2026-09-22 21:06,2026-09-22 23:47,161,4.62,3.5,220.0,16.0,0.95,4.39,completed
GW-202609241809,USR-002,Michelly Santos,Apto 15A,Volvo EX30,69.0,2026-09-24 18:09,2026-09-24 22:22,253,9.47,3.5,220.0,16.0,0.95,9.0,completed
GW-202609252159,USR-003,Victor Mantovani,Apto 83C,Volvo EX30,69.0,2026-09-25 21:59,2026-09-26 01:26,207,7.17,3.5,220.0,16.0,0.95,6.81,completed
GW-202609272138,USR-004,Bruno Santos,Apto 102,BYD Seal,82.5,2026-09-27 21:38,2026-09-28 01:23,225,7.41,3.5,220.0,16.0,0.95,7.04,completed
GW-202609282051,USR-003,Victor Mantovani,Apto 83C,Volvo EX30,69.0,2026-09-28 20:51,2026-09-29 01:31,280,10.64,3.5,220.0,16.0,0.95,10.11,completed
GW-202609292102,USR-003,Victor Mantovani,Apto 83C,Volvo EX30,69.0,2026-09-29 21:02,2026-09-30 00:46,224,5.91,3.5,220.0,16.0,0.95,5.61,completed
